name,address,hours
«Кафе»,"первый тупик Бешагач, 9, Шайхантахурский район",10:00-23:00
«Уголок»,"просп. Мустакиллик, 10, Юнусабадский район",11:00-22:00
#FARШ,"ул. Мирабад, 9А, Яккасарайский район",10:00-23:00
1991 Cafe,"ул. Мустакиллик, 7, Мирзо-Улугбекский район",12:00-00:00
2 Брата,"Сергели-2, 50, Сергелийский район",11:00-23:00
2012 Beauty & Health,"просп. Мустакиллик, 79, Мирзо-Улугбекский район",09:00-21:00
33 пингвина,"ул. Мирабад, 33, Мирабадский район",08:00-22:00
33 пингвина,"ул. Темура Малика, Мирзо-Улугбекский район",17:00-23:00
6 Floor Grill & Bar,"ул. Буюк Турон, 56, Мирабадский район",19:00-23:00
7 Бочек,"ул. Абдурауфа Фитрата, 93, Мирабадский район",15:00-23:00
7 Небо,"ул. Паркент, 16, Яшнабадский район",12:00-02:00
7Sky Karaoke & Bar,"ул. Ивлева, 22, Яккасарайский район",17:00-23:00
A la carte,"ул. Кичик Халка Йули, 57, Юнусабадский район",
Abi Mukammal Doner,"ул. Олой Бозори, 23, Мирзо-Улугбекский район",11:00-23:00
Adras,"ул. Арнасай, 7, Чиланзарский район",
Affresco,"ул. Бабура, 14, Яккасарайский район",11:00-00:00
Afina,"ул. Пилла, 76, Мирзо-Улугбекский район",11:00-
Afiyet Doner Kebab,"просп. Абдуллы Каххара, 1А, Олмазорский район",09:00-23:00
Afsona,"ул. Тараса Шевченко, 30, Мирабадский район",11:30-23:00
Ahtamar,"ул. Матбуотчилар, 17, Шайхантахурский район",
Aksu,"ул. Мукими, 178, Чиланзарский район",11:00-23:00
Aksu,"ул. Алишера Навои, 11Б, Юнусабадский район",11:00-23:00
Aksu,"ул. Шифонур, 8, Олмазорский район",11:00-23:00
Al Aziz,"ул. Абдуллы Кодыри, Юнусабадский район",10:00-23:00
Al Qasr,"ул. Бабура, 83, Яккасарайский район",12:00-23:00
Ali-Baba,"Паркент,  3 туп., д.4",
Alis,"ул. Султанали Машхадий, 21, Яшнабадский район",12:00-23:00
Allegro,"просп. Амира Темура, 107А, Юнусабадский район",9:00-23:00
Amadeus Hall Karaoke & Lounge Bar,"просп. Амира Темура, 25, Юнусабадский район",19:00-06:00
Amaretto,"ул. Шота Руставели, 28, Яккасарайский район",11:00-00:00
America Bar,"ул. Хирмонтепа (быв. Севастопольская), 74, Мирзо-Улугбекский район",15:00-03:00
American Pizza,"ул. Кораташ, 5А, Шайхантахурский район",
American Pizza,"ул. Бабура, 6, Яккасарайский район",10:00-23:00
American Pizza,"ул. Катартал, 60, Чиланзарский район",
Amigo,"Малая кольцевая дорога, Юнусабадский район",10:00-23:00
Angel’s Pizza,"ул. Кораташ, 5А, ТРЦ Samarqand Darvoza, Шайхантахурский район",10:00-22:00
Angelina cafe,"ул. Саехат, 5, Мирзо-Улугбекский район",11:00-23:00
Anhor,"ул. Мирабад, 35, Мирабадский район",08:00-23:00
Ani,"ул. Паркент, 52, Яшнабадский район",12:00-23:00
Anjir Milliy Taomlar,"Юнусабад-13, Юнусабадский район",
Anjir Milliy Taomlar,"ул. Шота Руставели, 12, Яккасарайский район",08:00-23:00
Ankara kebap,"ул. Абдуллы Кадыри, 1А, Шайхантахурский район",
Anor,"ул. Заркайнар, 1, Олмазорский район",11:00-23:00
Anor+,"ул. Мирабад, 7, Мирабадский район",10:00-00:00
Antares,"ул. Афросиаб, 65, Мирабадский район",
Antract coffee&bakery,"ул. Буюк Ипак Йули, 158А, Мирзо-Улугбекский район",07:00-22:00
Anubis,"ул. Бабура, 21, Яккасарайский район",12:00-4:00
Apexpizza,"Юнусабад-8, 40А, Юнусабадский район",
Apexpizza,"Ц-1, ул. Узбекистон овози, 21, Мирзо-Улугбекский район",
Apexpizza,"ул. Мукими, 41, Яккасарайский район",
Apexpizza Dastarhan,"ул. Паркентская, 43А, Мирзо-Улугбекский район",
April Verdant,"ул. Чинабад, 63, Юнусабадский район",11:00-23:00
Aqua Bar,"просп. Амира Темур, 88, Юнусабадский район",09:00-18:00
Arabika,"ул. 1-й проезд Мукими, 8, Яккасарайский район",12:00-00:00
Araks,"ул. 7-й проезд Мавлона Риёзи, 20, Яшнабадский район",10:00-23:00
Ararat,"ул. Пилла, 76, Мирзо-Улугбекский район",11:00-23:00
Arcobaleno,"ТТЗ 4, д. 4, Мирзо-Улугбекский район",11:00-23:00
Ariana,"ул. Бабура, Яккасарайский район",10:00-23:00
Aristocrat,"ул. Абая, 4, Шайхантахурский район",12:00-23:00
Ariston,"ул. Лашкарбеги, 2, Мирзо-Улугбекский район",18:00-00:00
Ariston Park,"ул. Хамидуллы Арипова, 21, Мирзо-Улугбекский район",09:00-23:00
Arisu Sarang Restaurant & Sushi Bar,"ул. Чехова, 40, Мирабадский район",11:00-23:00
Ark Binket,"ул. Кичик Халка йули, Юнусабадский район",11:00-23:00
Aroma Rooms Lounge Bar,"ул. Саид барака, 34А, Мирабадский район",
Arrows & Sparrows,"ул. Заркайнар, Шайхантахурский район",08:00-00:00
Art Chinor,"ул. Буюк Ипак Йули, 345, Мирзо-Улугбекский район",11:00-23:00
Art restaurant Kailas,"ул. бывшая Севастопольская, 74, Мирзо-Улугбекский район",11:00-01:00
Art Restaurant Piligrim,"ул. Братислава, 2, Яккасарайский район",11:00-23:45
Asiana,"просп. Амира Темура, Юнусабадский район",11:00-23:00
Asl Milliy Taomlar,"ул. Гафура Гуляма, 1, Шайхантахурский район",
Assorti,"ул. Узбекистон Овози, 2, Мирзо-Улугбекский район",12:00-23:00
Atlantis Karaoke,"ул. Шокирарык, 58, Сергелийский район",17:00-03:00
Atrium,"ул. Кичик Халка Йули, 57, Шайхантахурский район",10:00-23:00
Australian Coffee House,"ул. Садыка Азимова, 44, Мирзо-Улугбекский район",08:00-22:00
Avenue 19,"Юнусабад, 19, Юнусабадский район",
Avenue Fusion Restaurant,"ул. Акая, 16, Шайхантахурский район",12:00-23:00
Ayran Zone,"ул. Себзар, 6, Шайхантахурский район",
Ayvan Restaraunt,"ул. Абдулла Кадыри 6, 5, Шайхантахурский район",09:00-23:00
Azara,"Парк «Дружбы», Яккасарайский район",
AZUR — Terrace Garden,"пр. Уста Алима, Олмазорский район",
Azura Park,"просп. Амира Темура, Юнусабадский район",09:00-23:00
B&B Coffee House,"ул. Кары-Ниязи, 61, Мирзо-Улугбекский район",08:00-23:00
B&B Coffee House,"ул. Фидокор, 25, Мирабадский район",08:00-23:00
B&B Coffee House,"ул. Буюк Ипак Йули, 2, Мирзо-Улугбекский район",08:00-02:00
B&B Coffee House,"ул. Шота Руставели, 30А, Яккасарайский район",08:00-22:00
Baden - Pub & Restaurant,"ул. Шифонур, 8, Олмазорский район",11:00-23:00
Bagration,"ул. Мирабад, 40, Яккасарайский район",11:00-23:00
Bahor,"ул. Истикбол, 8, Мирабадский район",08:00-02:00
Baktra,"Чиланзар-5, 2, Чиланзарский район",11:00-00:00
Balcon,"Юнусабад-11, Юнусабадский район",
Bamboo Dimsum,"ул. Тараса Шевченко, 32, Мирабадский район",
Banquette Hall,"ул. Кичик Халка Йули, 101б, Олмазорский район",10:00-23:00
Baqqol Restaurant & Lounge Bar,"ул. Таффакур, 68, Яккасарайский район",
Bar 25,"городской поселок Салар, улица Карамурт, 2 А",16:00-05:00
Bar Villa,"ул. Уйсозлар, 7, Яшнабадский район",
Barbaris,"ул. Абдуллы Каххара, 49, Яккасарайский район",11:30-23:00
Barbeque Burger,"ул. Кораташ, 5А, Шайхантахурский район",10:00-23:00
Barbeque Burger,"ул. Зарафшон, 1, Мирабадский район",
Barbeque Burger,"Ц-1, ул. Узбекистон Овози, 21, Мирзо-Улугбекский район",10:00-22:00
Barbeque Burger,"ул. Буюк Ипак Йули, 105А, Мирзо-Улугбекский район",10:00-22:00
Barbeque Burger,"ул. Бабура, 6, Шайхантахурский район",10:00-22:00
Barbeque Burger,"ул. Ахмада Дониша, 2Б, Юнусабадский район",10:00-22:00
Barbeque Burger,"ул. Катартал, 60, Чиланзарский район",
Barbeque Burger,"ул. Буюк Ипак Йули, 105А, Мирзо-Улугбекский район",10:00-22:00
BarBoss,"ул. Шота Руставели, 105, Яккасарайский район",21:00-06:00
Barcode,"просп. Амира Темура, 129, Юнусабадский район",23:00-05:00
BarDuck,"ул. Матбуотчилар, 17, Юнусабадский район",
Baritone Karaoke,"ул. Мукими, 142/2, Чиланзарский район",11:00-23:00
Barlos,"просп. Алишера Навои, 26, Шайхантахурский район",
Barocco,"ул. Кичик Халка Йули, 5А, Олмазорский район",
Barracuda sushi & grill,"ул. Ифтихор, 1, Юнусабадский район",11:00-23:00
Barrel's Drink & Music,"ул. Тараса Шевченко, 32, Мирабадский район",12:00-02:00
BarResto,"просп. Амира Темура, 54, Юнусабадский район",
Barvixa Club,"ул. Султанали Машхадий, 210, Яшнабадский район",
Basilic,"просп. Амира Темура, 19, Юнусабадский район",11:00-03:00
Baskin Robbins,"пересечение ул. Махтумкули и ул. Кичик Халка Йули, Яшнабадский район",
Baskin Robbins,"ул. Кораташ, 5А, Шайхантахурский район",
Baskin Robbins,"ул. Бабура, 6, Яккасарайский район",10:00-22:00
Baskin Robbins,"ул. Кары Ниязова, 61, Мирзо-Улугбекский район",08:45-23:00
Baskin Robbins,"просп. Ислама Каримова, Шайхантахурский район",
Basri Baba,"ул. Ниёзбек, 6-й проезд, 16, Мирзо-Улугбекский район",10:00-23:00
Batut Food,"ул. Мирабад, 41/6, Мирабадский район",10:00-22:00
Bavaria Plaza,"ул. Бабура, 21А, Яккасарайский район",12:00-23:00
Bayan Shirin,"ул. Гафура Гуляма, 2А, Шайхантахурский район",10:00-23:00
Beer Garden Bar&Grill,"ул. Темирчи, 1, Яшнабадский район",18:00-23:00
Beer Loga Bar,"ул. Аския, 20, Яккасарайский район",
Behruz,"ул. Алтынтепа, 28, Яшнабадский район",11:00-23:00
Belle Maman,"ул. Шахрисабз, 34, Мирзо-Улугбекский район",
Bellissimo Pizza,"ул. Мирабад, 35, Мирабадский район",10:00-02:30
Bellissimo Pizza,"ул. Садыка Азимова, 43, Мирзо-Улугбекский район",10:00-02:30
Bellissimo Pizza,"ул. Бабура, 6, Яккасарайский район",10:00-02:30
Bellissimo Pizza,"ул. Буюк Ипак Йули, 111-117, Мирзо-Улугбекский район",10:00-02:30
Bellissimo Pizza,"Чиланзар-Ц, ул. Катартал, Чиланзарский район",
Bellissimo Pizza,"ул. Кораташ, 5, Шайхантахурский район",10:00-02:30
Beluga,"ул. Султанали Машхади, 66, Яшнабадский район",11:00-00:00
Benedict,"ул. Нукус, 31/2, Мирабадский район",
Berry Italia,"ул. Узбекистон Овози, 39, Мирзо-Улугбекский район",10:00-23:00
Besh Chinor,"ул. Мукими, 92А, Яккасарайский район",10:00-23:00
Beshbarmak №1,"просп. Амира Темура, 1, Мирзо-Улугбекский район",10:00-23:00
Bianco Nero,"ул. Кичик Халка Йули, 87, Яккасарайский район",09:00-04:00
Bibigon,"ул. Хирмонтепа (ул. Никитина), 34, Мирзо-Улугбекский район",09:00-23:00
Bibigon,"ул. Академика Гулямова, 38, Мирзо-Улугбекский район",09:00-23:00
Bibigon,"ул. Фуркат, 15/3, Чиланзарский район",09:00-23:00
Bibigon Pizza,"массив Тузель 2, 24, Яшнабадский район",08:00-23:00
Bier Regen,"ул. Махтумкули, 67, Мирзо-Улугбекский район",11:00-23:00
Big Burger,"ул. Фараби, 448а, Олмазорский район",
Big Burger,"ул. Ахмада Дониша, 2-Б, Юнусабадский район",
Big Burger,"ул. Буюк Ипак Йули, Мирзо-Улугбекский район",
Big Burger,"ул. Алишера Навои, 11-Б, Шайхантахурский район",
Big Burger,"просп. Бунёдкор, 47, Чиланзарский район",
Big Burger,"ул. Садыка Азимова, 52А, Яшнабадский район",
Big Way,"ул. Лутфи, 2, Чиланзарский район",
Big Way,"ул. Фархадская, 15/1, Чиланзарский район",
Big Way,"Чиланзар-13, ул. Фархадская, 3А, Чиланзарский район",
Bika Club,"ул. Махтумкули, 45, Юнусабадский район",11:00-23:00
Binket,"ул. Усмана Насыра, 53, Яккасарайский район",10:00-23:00
Bistecca,"ул. Бешёгоч, 10Б, Чиланзарский район",12:00-00:00
Bizone Lounge,"ул. Фурката, 15/3, Чиланзарский район",09:00-23:00
Bla Bla Bar,"ул. Шахрисабз, Мирабадский район",
Black Bear Kofi,"массив Киёт, 43/30, Юнусабадский район",08:00-18:00
Black Bear Kofi,"ул. Шота Руставели, 37, Яккасарайский район",08:00-03:00
Black Bear Kofi,"ул. Тараса Шевченко, 38А, Мирабадский район",08:00-03:00
Black Bear Kofi,"ул. Аккурган, 26, Мирзо-Улугбекский район",09:00-23:00
Black Bear Kofi,"массив Олой, Мирзо-Улугбекский район",09:00-23:00
Black Bear Rosterie,"ул. Оккурган, 26, Мирзо-Улугбекский район",
Black Pool Bar,"ул. Истикбол, 8, Мирабадский район",10:00-23:00
Black Star Burger,"Ц-1, пересечение ул. Садыка Азимова и ул. Тараккиёт, Яшнабадский район",11:00-23:00
Black Star Burger,"пересечение ул. Нурафшон и ул. Себзар, Олмазорский район",
Black Star Burger,"ул. Буюк Ипак Йули, 123, Мирзо-Улугбекский район",
Blaze,"ул. Мирабад, 9 А - 1, Мирабадский район",12:00-01:00
Bobur,"ул. Бобур, 34Д, Яккасарайский район",11:00-23:00
Bochka,"ул. Байкурган, 52, Мирзо-Улугбекский район",18:00-02:00
Bog'i Diyor,"ул. Чиланзар, 50А, Чиланзарский район",11:00-00:00
Bogi Chinor,"ул. Фурката, 33, Шайхантахурский район",09:00-23:00
Bon!,"ул. Фидокор, 40, Мирабадский район",08:00-22:00
Bon!,"ул. Чимкент, 21, Мирабадский район",08:00-22:00
Bon!,"ул. Фидокор, 40, Мирабадский район",08:00-22:00
Bon!,"ул. Садыка Азимова, 44, Мирзо-Улугбекский район",08:00-22:00
Bon!,"ул. Алишера Навои, 22, Шайхантахурский район",08:00-22:00
Bon!,"ул. Катартал, 28, Чиланзарский район",08:00-22:00
Bon!,"ул. Аккурганская, 14А, Мирзо-Улугбекский район",08:00-22:00
Bon!,"ул. Беруни, 12, Шайхантахурский район",08:00-22:00
Bon!,"ул. Тимура Малика, 3, Мирзо-Улугбекский район",088:00-22:00
Bon!,"ул. Тараса Шевченко, 28, Мирабадский район",08:00-22:00
Bon!,"Юнусабад-4, 80, Юнусабадский район",08:00-22:00
Bon!,"просп. Амира Темура, 72А, Юнусабадский район",08:00-22:00
Bon!,"ул. Саёхат, 2, Мирзо-Улугбекский район",08:00-22:00
Bonno,"ул. Гафурова, 15/1, Чиланзарский район",
Bookcafe,"ул. Истикбол, 8, Мирабадский район",11:00-23:00
BOR DO,"ул. Мустакиллик (бывш. Пушкина), 65, Мирзо-Улугбекский район",18:00-06:00
Bosphorus,"ул. А.Темур, 88, Юнусабадский район",
Bourbon Restaurant & Lounge bar,"ул. Талимарджан, 135, Мирабадский район",12:00-03:00
Brand,"третий проезд Ниезбек Йули, 4, Юнусабадский район",
Brand 910,"ул. Ниезбек-Йули, 3-й проезд, 4, Юнусабадский район",19:00-06:00
Brasserie,"просп. Амира Темура, 107А, Юнусабадский район",09:00-04:00
Bravo Pizza,"ул. Бабура, 14, Яккасарайский район",10:00-23:00
Breadly,"ул. Абдуллы Каххара, 24А, Яккасарайский район",
Breadly,"ул. Хамида Алимджана, 14, Мирзо-Улугбекский район",
Breadly bakery,"ул. Аккурганская, 25, Мирзо-Улугбекский район",08:00-22:00
Bridge Lounge Bar,"ул. Фурката, 2А, Шайхантахурский район",
Bristol,"ул. Кичик Беш-Агач, 135, Мирабадский район",11:00-23:00
British Pub,"ул. Кары Ниязова, 9, Мирзо-Улугбекский район",11:00-23:00
Broadway Lounge Bar,"ул. Матбуатчилар, 17, Юнусабадский район",09:00-12:00
Broaster Chicken,"ул. Юсуф Хос Ходжиб, 32, Яккасарайский район",09:00-23:00
Broccoli,"ул. Фидокор, 7, Мирабадский район",08:00-23:00
Broccoli park,"ул. Шахрисабз, 31Б, Мирзо-Улугбекский район",08:00-23:00
Broker's cafe,"ул. Бабура, 77, Яккасарайский район",08:00-00:00
Bros Coffee,"ул. Янги Куйлик, 18, Мирабадский район",
Bruno Coffee House,"ул. Олой, 17А, Мирзо-Улугбекский район",08:30-22:00
Bruno Coffee House,"ул. Кораташ, 5А, Шайхантахурский район",09:00-22:00
Bruno Coffee House,"Юнусабад-4, 1А, Юнусабадский район",08:00-22:00
Buonissimo,"ул. Мирабад, 12/110, Мирабадский район",11:00-23:00
Burger & Lounge grill bar,"ул. Буюк Ипак Йули, 158А, Мирзо-Улугбекский район",08:00-00:00
Burger & Lounge grill bar,"просп. Амира Темура, 1, Юнусабадский район",
Burger Embassy,"ул. Якуба Коласа, 6, Мирабадский район",08:00-23:00
Burger Embassy,"ул. Осие, 26, Юнусабадский район",08:00-23:00
Bushe.uz,"ул. Шукура Бурханова, 18, Мирзо-Улугбекский район",09:00-20:00
Business Café by Jum,"ул. Бабура, 77, Яккасарайский район",09:00-20:00
CabinEt - Meat House,"ул. Саракульская, 2/4, Мирабадский район",11:00-00:00
Cafe «Sofiya»,"ул. Шайхонтохур, Яшнабадский район",11:00-02:00
Cafe de Flore,"просп. Мустакиллик, 88А, Мирзо-Улугбекский район",
Cafe HUMO,"ул. Кушбеги, 1Б, Яккасарайский район",10:00-23:00
Cafe LaVanda,"ул. Абдулла Кодирий, 24, Шайхантахурский район",11:00-23:00
Cafe Ostrovok,"ул. Фаргона Йули, 786Б, Мирабадский район",09:00-23:00
Cafe Petit,"ул. Бабура, 17, Яккасарайский район",09:00-11:00
Cafe Pottermania,"ул. Шахрисбз, 27/6, Яккасарайский район",11:00-23:00
Cafe U-Smile,"ул. Саида Барака, 16Б, Мирабадский район",
Caffe il Migliore,"ул. Хуршида, 57 (Ц5), Юнусабадский район",12:00-23:00
Caffee'issimo,"просп. Амира Темура, 95А, Юнусабадский район",11:00-23:00
Caffeine,"ул. Кораташ, 5А, Шайхантахурский район",10:00-23:00
Caffelito Coffee,"ул. Ахмада Дониша, 2-Б, Шайхантахурский район",09:00-18:00
Caffelito Coffee,"ул. Урикзор, Яккасарайский район",
Caffelito Coffee,"площадь Хамида Алимджана, Мирзо-Улугбекский район",
Cake bake,"Чиланзар-8, ул. Катартал, 20/26, Чиланзарский район",08:00-22:00
Cake bake,"ул. Беруни, 85, Олмазорский район",08:00-22:00
Cake Lab,"массив Джангох, 9, Шайхантахурский район",
Cake Lab,"ул. Фараби, 2, Олмазорский район",
Cake Lab,"просп. Мирзо Улугбека, 51А, Мирзо-Улугбекский район",08:00-21:00
Cake Lab,"ул. Шахрисабз, 27/9, Мирабадский район",08:00-21:00
Cake Lab,"ул. Бабура, 40А, Яккасарайский район",08:00-21:00
Cake Lab,"ул. Шастри, 15, Мирзо-Улугбекский район",08:00-21:00
Cake Lab,"пересечение ул. Нурафшон и ул. Себзар, Олмазорский район",08:00-21:00
Caldo,"ул. Аккурган, 31, Мирзо-Улугбекский район",
Canella Coffee & Patisserie,"Чиланзар-Ц, ул. Катартал, 28, Чиланзарский район",
Canella Coffee & Patisserie,"ул. Мирабад, 12, кв. 181, Мирабадский район",08:00-22:00
Canteen loft,"ул. Истикбол, 14, Мирабадский район",08:00-23:00
Caprice,"Чиланзар-8, Чиланзарский район",
Caramel Piknik,"ул. Буюк Ипак Йули, 62А, Мирзо-Улугбекский район",07:00-23:00
Caravan,"ул. Абдуллы Каххара, 22, Яккасарайский район",12:00-00:00
Cari Cake,"ул. Узбекистон овози, 2, Мирабадский район",08:00-23:00
Chopar Pizza ТРЦ Мега Planet,"ул. Ахмада Дониша, 2Б, Юнусабадский район",10:00-23:00
Chopar ТРЦ Atlas - Сайрам,"Юнусабад-19, махалля Увайсий, Юнусабадский район",10:00-23:00
Chopar ТРЦ Compass,"ул. ТКАД, Фаргона йули, 17, Бектемирский район",10:00-23:00
Chopar ТРЦ Parus,"ул. Катартал, 60, Чиланзарский район",10:00-03:00
Chopar ТРЦ Samarqand Darvoza,"ул. Кораташ, 5А, Шайхантахурский район",10:00-23:00
Chopar ТРЦ Нукус,"ул. Кичик Халка Йули, 19, Олмазорский район",10:00-03:00
Chopar Ц-1,"ул. Узбекистон Овози, 49, Мирзо-Улугбекский район",10:00-03:00
Chopar Экобазар,"ул. Темура Малика, Мирзо-Улугбекский район",10:00-20:00
Chorlar,"ул. Т.Расулова, 1, Чиланзарский район",11:00-00:00
Choy-Poy,"ул. Бабура, 21А, Яккасарайский район",12:00-23:00
Chustiy's Cuisine,"ул. Кораташ, 5А, Шайхантахурский район",11:00-23:00
Cinara’s,"Ташкентская область, Бостанлыкский район",11:00-23:00
City 21,"просп. Ислама Каримова, Шайхантахурский район",
City Grill,"ул. Шахрисабз, 23, Мирабадский район",12:00-23:00
City Mix,"ул. Буюк Ипак Йули, 156А, Мирзо-Улугбекский район",
Claude Monet Tashkent,"ул. Абдуллы Каххара, 48A, Яккасарайский район",
CMI afterparty bar,"ул. Кары Ниязова, 68, Мирзо-Улугбекский район",18:00-04:00
Coff Noir,"ул. Осиё, 89, Юнусабадский район",11:00-23:00
Coffee cat,"ул. Оккурган, 29, Мирзо-Улугбекский район",
Coffee Corner,"просп. Амира Темура, 24, Мирзо-Улугбекский район",08:00-21:00
Coffee Shop,"ул. Абдуллы Кадыри, 10А, Шайхантахурский район",
Coffee UP,"ул. Мустакиллик, 75, «Inkonel» бизнес-центр, Мирзо-Улугбекский район",
CoffeeBOOM,"ул. Тараса Шевченко, 21А, Мирабадский район",09:00-00:00
CoffeeMilk,"ул. Садыка Азимова, 72, Мирзо-Улугбекский район",08:00-02:00
CoffeeWine,"ул. Абдуллы Каххара, 24А, Яккасарайский район",
Coin Karaoke,"Чиланзар-16, 18А, Чиланзарский район",10:00-23:00
Colibri,"ул. Матбуотчилар, 17, Юнусабадский район",18:00-02:00
Compliment,"ул. Дурмон Йули, 20, Мирзо-Улугбекский район",12:00-00:00
Cookbook workshop,"ул. Зульфия Хоним, 18, Шайхантахурский район",08:30-22:00
Cordero Tashkent,"ул. Афросиаб, 41, Мирабадский район",
Coriander,"ул. Шифонур, 8, Олмазорский район",11:00-23:00
Cowboy Jack Bar,"Ц-1, ул. Садыка Азимова, 1/28, Юнусабадский район",
Coyote Bar,"ул. Кичик Халка Йули, Мирзо-Улугбекский район",
Cozy Grill & Bar,"ул. Абдуллы Кадыри, 1, Юнусабадский район",13:00-00:00
Creative Catering,"ул. Махмуда Тараби, 27, Яккасарайский район",
Credo,"ул. Истиклол, 12, Юнусабадский район",11:00-23:00
Crepes club,"ул. Ахмада Дониша, Юнусабадский район",11:00-23:00
Cringe Bar,"ул. Шота Руставели, 39, Яккасарайский район",14:00-23:00
Crystal Garden Restaurant,"просп. Амира Темура, 15, Юнусабадский район",16:00-03:00
Crystal Lounge-Bar,"ул. Шарафа Рашидова, 71, Мирзо-Улугбекский район",
CubA,"Круг Рохат, «Бахт Кули», Бектемирский район",
Cubano,"ул. Мухаммада Юсуфа, Мирзо-Улугбекский район",
Dacha,"ул. Мирабад, 35, Мирабадский район",08:00-23:00
Dark Hall restaurant & lounge bar,"ул. Садыка Азимова, 67, Мирабадский район",
Daro Art Cafe,"ул. Дагестанская, Мирзо-Улугбекский район",11:00-23:00
Darxon,"просп. Мустакиллик, 88, Мирзо-Улугбекский район",11:00-22:00
Dastarhan Restaurant & Lounge Bar,"ул. Паркентская, 43А, Мирзо-Улугбекский район",09:00-23:00
Dayako Chicken,"ул. Янги Ташкент, блок 1, Шайхантахурский район",11:00-23:00
Dayako Chicken,"ул. Ислама Каримова, 2, Шайхантахурский район",12:00-00:00
Dayako Chicken & Beer,"ул. 9-й проезд Абдуллы Каххара, 16А, Яккасарайский район",10:00-23:30
Deja-vu,"40 лет Победы, Яшнабадский район",
Deniz,"ул. Лабзак, 103, Шайхантахурский район",
Dessert Cafe,"ул. Буюк Турон, 56, Юнусабадский район",12:00-23:00
Diamond Karaoke,"Сергели, 2, Сергелийский район",
DiGavi,"ул. Шахрисабз, 16А, Мирабадский район",12:00-00:00
Dil-Nur,"Бостанлыкский район, поселок «Ходжикент»",10:30-23:00
Dilbarim,"ул. Янгиерская, 25, Олмазорский район",08:00-23:00
Divan by Demir,"ул. Садыка Азимова, 49А, Яшнабадский район",11:00-23:00
Diyor,"ул. Осиё, 85А, Юнусабадский район",11:00-23:00
Dizengof/99,"пр. Олой Бозори, 64, 1-й этаж, Юнусабадский район",10:00-23:00
Dodo Pizza,"ул. Буюк Ипак Йули, 123, Мирзо-Улугбекский район",
Dodo Pizza,"ул. Саида Барака, 16Б, Мирабадский район",-
Dolce Freddo,"ул. Беруни, 100, Олмазорский район",
Dolce Italia,"Ц1, ул. Шастри, 26, Мирзо-Улугбекский район",12:00-22:30
Dolce Italia,"ул. Шахрисабз, 8, Мирабадский район",12:00-22:30
Dolce Italia,"ул. А.Ходжаева, 5А, Шайхантахурский район",11:00-22:00
Dolce Italia,"ул. Буюк Ипак Йули, 123, Мирзо-Улугбекский район",11:00-22:00
Dolce Italia,"ул. Ислама Каримова, 17, Мирабадский район",11:00-22:00
Dolce Italia,"ул. Лабзак, Шайхантахурский район",10:00-22:00
Dolcetto Bakery,"ул. Авлиё-оота, 65, Мирабадский район",
Domino Coffee House,"ул. Бабура, 6, Яккасарайский район",11:00-23:00
Doncella,"просп. Амира Темура, 46А, Юнусабадский район",08:00-23:00
Dong Fang,"ул. Каблукова, 24, Юнусабадский район",11:30-22:00
Donna Lucien,"ул. Дурмон Йули, 51, Мирзо-Улугбекский район",09:30-22:30
Dostavkin.uz,"туп. Акбара Мирокилова, 1, Мирабадский район",11:00-22:00
Downtown - Lounge & Bar,"площадь Хамида Алимджана, 13А, Мирзо-Улугбекский район",11:00-23:45
Dozari,"ул. Зарафшан, 1, Мирабадский район",16:00-05:00
Dubai,"ул. Дийдор, 71А, Чиланзарский район",12:00-23:00
Dubai,"ул. Усмана Носира, 57, Яккасарайский район",09:00-23:00
Dublin Irish Pub,"ул. Абдулла Кодирий, 1, Шайхантахурский район",
Dudek Restaurant&Bar,"ул. Мукими, 42, Яккасарайский район",11:00-23:00
Dun Dun,"ул. Катартал, Чиланзарский район",
Dunyo,"ул. Кушбеги, 6, Яккасарайский район",09:00-00:00
Dutor,"ул. Кичик Халка Йули, 340, Олмазорский район",09:00-23:00
DЫM & DREAM,"ул. Нукус, 90А, Мирабадский район",10:00-00:00
East House,"ул. Осие, 37, Юнусабадский район",10:00-23:00
Eco Cafe,"ул. 1-й проезд Олмачи, 37, Мирзо-Улугбекский район",
Ecorn,"ул. Чимкентская, 9, Мирабадский район",08:00-22:00
Ecorn,"Ц-1, ул. Садыка Азимова, 52, Мирзо-Улугбекский район",08:00-22:00
Ecorn,"ул. Мирабад, 12, кв. 217, Мирабадский район",08:00-22:00
Efendi,"ул. Садыка Азимова, 79А, Мирабадский район",09:00-22:00
Ege Turk Restaurant,"массив Киёт, 72, Юнусабадский район",
Egoist,"ул. Новомосковская, Мирзо-Улугбекский район",
El Cascada,"ул. Конституции, 56, Яккасарайский район",
El Toro,"ул. Султанали Машхадий, 81, Яшнабадский район",10:00-23:00
Elephant,"ул. Бадахшон, 2-й проезд, 786А, Мирабадский район",
Elmundo dulse,"ул. Сыракульская, 9, Мирабадский район",
Emir,"ул. Арнасай, 7/1, Чиланзарский район",11:00-
Emirates Lounge Bar,"ул. Осиё, 41, Юнусабадский район",
Encir,"ул. Абая, 12, Шайхантахурский район",12:00-00:00
Escobar,"ул. Фаргона Йули, 794, Бектемирский район",
Europa,"просп. Амира Темура, 88, Юнусабадский район",12:00-23:30
Event Cafe,"ул. Хамида Алимджана, 13А, Юнусабадский район",
Evos,"ул. Янги Сергели, Сергелийский район",08:00-23:00
Evos,"ул. Фаргона Йули, 17, Бектемирский район",09:00-23:00
Evos,"ул. Фергана, 17, Мирабадский район",08:00-23:00
Evos,"ул. Бабура, 6, Яккасарайский район",08:00-23:00
Evos Extra,"просп. Амира Темура, Юнусабадский район",08:00-23:00
Ezidiyor,"ул. Алмазар, 19, Шайхантахурский район",
F1rst Restaurant,"ул. Фурката, 14, Шайхантахурский район",18:00-04:00
Fa-Sol,"ул. Арнасай, 28/1, Чиланзарский район",18:00-06:00
Fabis Restaurant & Bar,"ул. Таллимаржон, 15Б, Мирабадский район",18:00-02:00
Fabula,"ул. Абдуллы Кадыри, 1, Юнусабадский район",
Family by Chopar,"ул. Яхъё Гулямова, 38, Мирзо-Улугбекский район",10:00-22:00
Family by Chopar – Буюк Ипак Йули,"ул. Буюк Ипак Йули, 154, Мирзо-Улугбекский район",10:00-22:30
Famous,"Лабзак, Anhor Lokomotiv, картодром, 3 этаж, Шайхантахурский район",16:00-02:00
Farovon,"ул. Фараби, 415, Шайхантахурский район",09:00-23:00
Fayz Furor,"ул. Буюк Ипак йули, 105А, Мирзо-Улугбекский район",06:00-23:00
Fish House,"просп. Амира Темура, 112, Юнусабадский район",11:00-23:00
Fishka,"площадь Хамида Алимджана, западная сторона, 1Б, Мирзо-Улугбекский район",
Five,"ул. Лутфкор, Сергелийский район",08:00-23:00
Flagman,"ул. Мукими, 1/1, Чиланзарский район",09:00-23:00
Flavors Multi Cusine Restaurant,"просп. Мирзо Улугбека, 20, Яшнабадский район",11:00-23:00
Food Station,"ул. Ниязбек Йули, 2, Юнусабадский район",
Foody-Roody,"пересечение ул. У.Носира и ул. Бабура, Яккасарайский район",
ForRest,"ул. Фаргона Йули, 13, Яшнабадский район",11:00-00:00
Forrest Havelli,"ул. Фаргона Йули, 13, Яшнабадский район",10:00-23:00
Frango.uz,"ул. Шота Руставели, 63, Яккасарайский район",11:00-23:00
Franklin's BBQ and Steakhouse,"ул. Буюк Ипак Йули, 156А, Мирзо-Улугбекский район",11:00-23:00
Freedom's Lounge,"ул. Янги Сергели, 5, Сергелийский район",00:00-00:00
FreshCa.fe,"ул. Шастри, 15, Мирзо-Улугбекский район",08:00-23:00
Freshmeal,"ул. Осиё, 85, Юнусабадский район",
Furu Bouru,"ул. Саида Барака, 16Б, Мирабадский район",11:00-23:00
Gabrielle Roof,"ул. Хумо, 43А, Яккасарайский район",
Gabrielle Roof,"ул. Шота Руставели, 43, Яккасарайский район",
Gallery Restaurant & Lounge,"ул. Имама Ат-Термези, 8, Яккасарайский район",12:00-03:00
Gamarjoba,"ул. Нукус, 4-й проезд, 90А, Мирабадский район",10:00-23:45
Gamarjoba,"ул. 9 мая, 4, Мирзо-Улугбекский район",10:00-23:45
Gap Bar & Grill,"ул. Инжобод, 32, Юнусабадский район",
Gap Pizza,"просп. Бунёдкор, 18, Чиланзарский район",11:00-00:00
Gap pub,"Лабзак, Ц-13/21, Шайхантахурский район",
Garden,"ул. Новосергелинская, 19, Сергелийский район",
Garden Bar Pool & Restaurant,"Ц-4, просп. Амира Темура, 7/8, Юнусабадский район",08:00-23:00
Gasthaus,"ул. Фаргона Йули, 7, Мирабадский район",12:00-23:00
Gavali Casual food,"пр. Шахрисабзский, 5, Мирабадский район",09:00-23:00
Gavali Coffee,"пр. Шахрисабзский, 5, Мирабадский район",09:00-23:00
Gelato mio,"ул. Шахристанская, Юнусабадский район",10:00-23:00
Gelato mio,"ул. Шарафа Рашидова, 40, Яккасарайский район",08:00-23:00
Gentlemen pub,"ул. Шарафа Рашидова, 60, Юнусабадский район",11:00-23:00
Genuss,"ул. Бабура, 79а, Яккасарайский район",07:00-21:00
Giotto,"массив Буюк Ипак Йули, 33А, Мирзо-Улугбекский район",10:00-23:00
Giotto,"ул. Узбекистон Овози, 6, Мирзо-Улугбекский район",10:00-23:00
Giotto Gourmet,"ул. Тараса Шевченко, 36а, Мирабадский район",09:00-23:00
Giz Galasi,"просп. Бунёдкор, 2, Чиланзарский район",10:00-23:00
Gloria,"ул. Мирабад, 27/12, Мирабадский район",
Gloria Jean’s Coffees,"просп. Амира Темура, 7/8, Юнусабадский район",07:30-23:00
Goal Sport Bar,"ул. Султанали Машхадий, 57, Яшнабадский район",
Goddess Women`s Club,"ул. Кулоктепа, 20Б, Юнусабадский район",
Golden Hill,"ул. Олтинтепа, 354, Мирзо-Улугбекский район",10:00-23:00
GOOD Burgers N Fries,"ул. Ислама Каримова, 17Б, Мирзо-Улугбекский район",10:00-22:00
GooDZone,"ул. Ниёзбек йули, 2, Юнусабадский район",11:00-01:00
Gosht,"ул. Мирабад, 21/1, Мирабадский район",08:00-23:00
Gosht,"ул. Шахрисабз, 42, Мирабадский район",
Gosht Kids,"ул. Мирабад, 21/1, Мирабадский район",08:00-23:00
Gosht фуд-трак,"Бродвей, Юнусабадский район",09:00-22:00
Gosty,"ул. Фидокор, 5А, Яккасарайский район",18:00-01:00
Gotham,"ул. Шота Руставели, 150, Яккасарайский район",15:00-03:00
GPS Greatest Popular Stars,"ул. Шота Руставели, 18, Яккасарайский район",
Grace Garden,"ул. Арай, 10, Ийк-Ота",11:00-23:00
Grammy Tashkent,"просп. Амира Темура, 15, Юнусабадский район",19:00-06:00
Grand Hall,"Юнусабад-11, ул. Янги Шахар, Юнусабадский район",
Grasshopper Par-Bаr,"ул. 2-й проезд Тараккиет, Яшнабадский район",
Greek Food,"ул. Кунаева, 39, Мирабадский район",
Green,"ул. Сугдиёна, 1, Сергелийский район",11:30-23:30
Green Veranda,"Бостанлыкский район, Бельдерсай",
Greens,"ул. Кораташ, 5А, Шайхантахурский район",11:00-22:00
Grill Box,"ул. Кухинур (бывшая ул. Акилова), 54, Яккасарайский район",11:00-23:00
Grillades,"ул. Богишамол, 90, Юнусабадский район",
Gruzin,"ул. Султонали Машхади, 57, Яшнабадский район",12:00-23:00
Gurman Sweets & Foods,"Чиланзар-19, ул. Заргарлик, 41/2, Чиланзарский район",
Gurmania - Family Cafe,"ул. Мирабад, 46/1, Мирабадский район",10:00-22:00
Guru Tandoori,"ул. Саида Барака, 16Б, Мирабадский район",11:00-23:00
Gustar,"просп. Амира Темура, 60, Юнусабадский район",
Gusto Garden Bar,"просп. Амира Темура, С 4-7/8, Юнусабадский район",07:00-23:00
Gustoy lounge,"ул. Ахмада Дониша, 2А, Юнусабадский район",11:00-02:00
Guten Pub,"ул. Мукими, 88, Чиланзарский район",17:00-02:00
Ha Long,"ул. Мирабад, Мирабадский район",
Ha Noi,"улица Чиланзарская, Мирабадский район",10:00-00:00
Halva art cafe shop,"ул. Лабзак, Шайхантахурский район",11:00-23:00
Hammersmith Bar,"ул. Алишера Навои, 1, Шайхантахурский район",
Hanil,"ул. Юсуф Хос Хожиб, 46/1, Яккасарайский район",10:00-23:00
Happy Cakes,"ул. Алишера Навои, 21В, Шайхантахурский район",09:00-20:00
Happy Land,"ул. Ифтихор, 2, Шайхантахурский район",10:00-22:00
Happy Time Cafe,"ул. Саида Барака, 34А, Яккасарайский район",09:00-23:00
Harem Terrace,"ул. Кунаева, 2, Мирабадский район",19:00-00:00
Hebaragi,"ул. Паркенсткая, 7-й тупик, 2, Яшнабадский район",11:00-00:00
High Five Family Karaoke Club,"ул. Чилонзарская, 45, Чиланзарский район",12:00-23:00
History pub,"ул. Буюк Ипак Йули, 62, Мирзо-Улугбекский район",11:00-23:00
Hollywood Restaurant & Lounge Bar,"ул. Буюк Турон, 56, Юнусабадский район",10:00-00:00
Hong Kong,"ул. Байналминал, ТРЦ City Makon, 4-й этаж, Чиланзарский район",18:00-00:00
Hori Japanese,"ул. Тараккиет, 45, Мирзо-Улугбекский район",11:00-02:00
Hot-DogiDog,"ул. Истикбол, 8, Мирабадский район",11:00-23:00
Huber Pub,"ул. Буюк Ипак Йули, 262, Мирзо-Улугбекский район",
Il Canto,"просп. Амира Темура, 1, Юнусабадский район",11:00-23:00
IL Patio,"ул. Тараса Шевченко, 32, Мирабадский район",11:00-23:00
Il Perfetto,"ул. Тараса Шевченко, 30, Мирабадский район",08:00-23:00
Imbir,"ул. Богибустон, 147/6.7, Яккасарайский район",07:00-23:00
Intermezzo Lounge Bar & Restaurant,"просп. Амира Темура, 107А, Юнусабадский район",18:00-23:00
Ipak Yo`li,"ул. Себзор, Олмазорский район",11:00-00:00
Irreplaceable Restaurant and Lounge,"ул. Шота Руставели, 42А, Яккасарайский район",12:00-00:00
IZI Cafe,"ул. Афросиаб, 15/1, Мирабадский район",11:00-23:00
Izumi,"ул. Абдуллы Каххара, 18, Яккасарайский район",12:00-00:00
J brothers Tashkent,"ул. Шахрисабз, 22, Мирабадский район",18:00-02:00
Jack's House,"ул. Бабура, 6, Яккасарайский район",
Java Coffee аnd Bakery,"ул. Ойбека, 18, Мирабадский район",08:00-23:00
Java Kafeinn,"ул. Узбекистон Овози, 2, Мирзо-Улугбекский район",10:00-22:00
Jazz Pub,"ул. Истикбол, 45, Яшнабадский район",11:00-23:00
JeansBar,"ул. Нукус, 90а, Мирабадский район",15:00-00:00
Jiu Zhou,"Чиланзар-1, 4А, Чиланзарский район",
John Jameson Irish Pub,"ул. Фуркат, 14, Чиланзарский район",09:00-23:00
Joints Lounge,"ул. Шахрисабз, 23, Мирабадский район",12:00-00:00
Joy Restaurant & Bar,"ул. Ойбека, 24, Мирабадский район",10:00-02:00
Jum Airport,"Международный Аэропорт Ташкента, Сергелийский район",
Jum кофейня,"ул. У. Носира, 34, Яшнабадский район",12:00-23:00
Jumanji,"ул. Юсуфа Хос Ходжиба, 62/2, Яккасарайский район",12:00-23:00
Jungle Family Club,"Юнусабад-12, 20А, Юнусабадский район",12:00-22:00
Just Tasty,"ул. Яхье Гулямова, Мирзо-Улугбекский район",00:00-00:00
Just Tasty,"Чиланзар-6, 37, Чиланзарский район",00:00-00:00
Kaburgaci Selim Amcanin Sofra Salonu,"ул. Усмана Насыра, 19, Яккасарайский район",
Kafe Bakinka,"ул. Шота Руставели, 104, Яккасарайский район",09:30-22:30
Kaiten Sushi Restaurant,"пересечение ул. Нурафшон и ул. Себзар, Олмазорский район",10:00-23:00
Kaizen,"просп. Мирзо Улугбека, 55, Мирзо-Улугбекский район",12:00-00:00
Karaoke Bar Zapoi,"ул. Тимура Малика, 148, Мирзо-Улугбекский район",
Karaoke Pub,"ул. Кичик Халка йули, 8, Яккасарайский район",16:00-02:00
KaraokeLife,"ул. Буюк Ипак Йули, 105, Мирзо-Улугбекский район",00:00-00:00
Karat,"ул. Нукус, 90А, Мирабадский район",11:00-00:00
Kardinal,"ул. Буюк Ипак Йули, 262, Мирзо-Улугбекский район",
Kashtan Milliy Taomlar,"ул. Абу Сулеймана Банокати, 199, Мирабадский район",11:00-23:00
Kebabish,"ул. Ниёзбек Йули, 2, Юнусабадский район",08:00-18:00
KeFFi,"ул. Байкорган, 6, Яшнабадский район",
Kepsi House,"ул. Кукча Дарвоза, 9А, Учтепинский район",10:00-22:00
Key Town,"ул. Узбекистон Овози, 2, Мирзо-Улугбекский район",11:30-22:00
KFC Uzbekistan,"ул. Узбекистон Овози, 21, Мирзо-Улугбекский район",10:00-23:00
KFC Uzbekistan,"просп. Амира Темура, 41/1, Юнусабадский район",10:00-23:00
KFC Uzbekistan,"массив Хадра, 23, Шайхантахурский район",10:00-23:00
KFC Uzbekistan,"пересечение ул. Истикбол и ул. Шахрисабз, Яшнабадский район",10:00-23:00
KFC Uzbekistan,"ул. ТКАД, Фаргона йули, 17, Бектемирский район",08:00-22:30
KFC Uzbekistan,"ул. Лутфи, 21А, Учтепинский район",10:00-23:00
KFC Uzbekistan,"просп. Темура Малика, 3А, Мирзо-Улугбекский район",10:00-23:00
KFC Uzbekistan,"массив Олмазор, 183А, Чиланзарский район",10:00-23:00
KFC Uzbekistan,"ул. Буюк Ипак йули, 105А, Мирзо-Улугбекский район",08:00-22:30
KFC Uzbekistan,"просп. Бунёдкор, 52/2, Чиланзарский район",
KFC Uzbekistan,"ул. Кораташ, 5А, Шайхантахурский район",
Khachapuri Park,"ул. Дурмон Йули, 9, Мирзо-Улугбекский район",
Khan Chapan,"ул. Уста-Алим, 5, Олмазорский район",12:00-23:00
Khiva,"ул. Алишера Навои, 1А, Юнусабадский район",06:30-22:30
Kim Sat Gat,"ул. Фаргона Йули, 11, Юнусабадский район",
Kizilkum Gold,"просп. Шарафа Рашидова, 16, Мирзо-Улугбекский район",
Klever Pub,"ул. Хамида Мирсалихова, Мирабадский район",12:00-00:00
Kofteci Ramiz,"просп. Бунёдкор, Шайхантахурский район",12:00-22:00
Kofteci Ramiz,"ул. Бабура, 174, Яккасарайский район",
Kofteci Ramiz,"ул. Тимура Малика, 3, Мирзо-Улугбекский район",
Koinot Restaurant,"просп. Амира Темура, 109, Юнусабадский район",
Koreana club,"ул. Кичик Халка Йули, 89, Мирзо-Улугбекский район",12:00-03:00
Korona,"Чиланзар, д.2, кв.5, Чиланзарский район",
Kosebasi,"ул. Фурката, 1A, ЖК Boulevard, Шайхантахурский район",10:00-22:00
Krik,"ул. Шота Руставели, 22А, Яккасарайский район",09:00-18:00
Krusty Krab Burger,"массив Буюк Ипак Йули, 31, Мирзо-Улугбекский район",11:00-23:00
Kuksi house,"Чиланзар-19, 24, Чиланзарский район",
L'Olio,"ул. Саида Барака, 16Б, Мирабадский район",08:00-23:00
L'Opera,"ул. Ислама Каримова, 17, Яккасарайский район",
L’eclair de Matu,"ул. Бабура, 6, Яккасарайский район",
La Cantine Park,"Ц-1, Мирзо-Улугбекский район",09:00-22:00
La Cantine Resto,"ул. Осиё, 3, Юнусабадский район",09:00-23:00
La Marmite Bistro,"ул. Бабура, 6, Яккасарайский район",10:00-22:00
La Marmite Bistro,"ул. Катартал, 28, Чиланзарский район",10:00-22:00
La Plaka Sport Pub & Lounge Bar,"ул. Мирабад, 9А, Яккасарайский район",11:00-23:00
La Provence,"ул. Боткина, 4-й тупик, 29, Яшнабадский район",
La Strada,"ул. Пахтакорская, 5, Шайхантахурский район",
La Terrasse,"ул. Рокат Боши, 23, Яккасарайский район",16:00-05:00
laMiranda,"Чиланзар-16, 11, Чиланзарский район",08:00-23:00
laMiranda,"ул. Авиасозлар, 61, Яшнабадский район",08:00-23:00
laMiranda,"Чиланзар-7, 5, Чиланзарский район",08:00-23:00
laMiranda,"махалля Севинч, 60, Юнусабадский район",08:00-23:00
laMiranda,"ул. Шота Руставели, 66, Яшнабадский район",08:00-23:00
Lancaster-6. Bird in hand,"ул. Шахрисабз, 5, Мирзо-Улугбекский район",11:00-23:00
Lasserre,"ул. Усмана Носира, 22а, Яккасарайский район",18:00-01:00
Latino мясной ресторан,"ул. Северный Алмазар, 10, Олмазорский район",12:00-01:00
Latinos,"ул. Кораташ, 5А, Шайхантахурский район",09:00-18:00
Latte Fresh & Tasty,"ул. Мойкурган, 48, Юнусабадский район",08:00-23:00
Lazgi,"ул. Байналминал, 7, Чиланзарский район",11:00-23:00
Le Buffet,"ул. Шота Руставели, 22, Мирабадский район",08:00-23:00
Le Gourmet Bistro,"просп. Амира Темура, Юнусабадский район",11:00-00:00
Le Kroshe,"ул. Ахмада Дониша, 7, Юнусабадский район",08:00-23:00
Le Kroshe,"Юнусабад-11, 7, Юнусабадский район",09:00-22:00
Le Kroshe,"Юнусабад - 11/7, Юнусабадский район",
Le Kroshe,"ул. Юнуса Раджаби, Яккасарайский район",09:00-22:00
Le Royal Palace,"ул. Абдуллы Кадыри, 1, Юнусабадский район",
Les Ailes - Буюк Ипак Йули,"ул. Буюк Ипак Йули, 123, Мирзо-Улугбекский район",10:00-01:00
Les Ailes - Ойбек,"ул. Шахрисабз, 10Б, Мирабадский район",10:00-23:00
Les Ailes - ТРЦ Nukus,"ул. Кичик Халка Йули, 19, Олмазорский район",10:00-22:00
Les Ailes - ТРЦ Samarqand Darvoza,"ул. Кораташ, 5А, Шайхантахурский район",10:00-23:00
Les Ailes - ЮАР,"ул. Ахмада Дониша, 80, Юнусабадский район",10:00-23:00
Les Ailes – СРЦ Parus,"ул. Катартал, 60, Чиланзарский район",10:00-23:00
Les Ailes – ТРЦ Atlas,"ул. Катартал, 28, Чиланзарский район",10:00-22:00
Les Ailes – ТРЦ Compass,"ул. ТКАД, Фаргона йули, 17, Бектемирский район",10:00-22:00
Les Ailes – ТРЦ Mega Planet,"ул. Ахмада Дониша, 2Б, Юнусабадский район",10:00-22:00
Les Ailes – ТЦ Чиланзар,"ул. Чиланзар, 2, Чиланзарский район",10:00-23:00
Les Ailes – Ц1,"ул. Садыка Азимова, 52А, Мирзо-Улугбекский район",10:00-03:00
Level,"ул. Тараса Шевченко, 21, Мирабадский район",12:00-02:00
London Pub,"ул. Абдуллы Каххара, 25, Яккасарайский район",
LOOOK,"пересечение ул. Ахмад Даниш и ул. Янги Шахар, 1А, Юнусабадский район",09:00-01:00
LOOOK,"ул. Фархадская, 8А, Чиланзарский район",09:00-01:00
Lovely cake,"ул. Ойбека, 49, Мирабадский район",
Lowbro,"ул. Бешагач, 55, Чиланзарский район",16:00-02:00
LumberJack,"ул. Абдуллы Кодирий, 1, Шайхантахурский район",12:00-23:00
Lumiere,"Шота Руставели 6, 1-ый проезд, Яккасарайский район",07:00-23:00
LUNGO by Cookbook,"просп. Мустакиллик, 6, Юнусабадский район",09:00-22:00
Luxor,"ул. Мукими, 1, Яккасарайский район",
LYCHEE,"ул. Истикбол, 8, Мирабадский район",
"M-bar, Moto Bar","ул. Олтин Тепа, 278, Мирзо-Улугбекский район",18:00-23:00
Madbrick,"ул. Ислама Каримова, 13, Мирабадский район",14:00-23:00
Madeira,"ул. Хуршид, 85, Юнусабадский район",12:00-00:00
Magic Pizza,"ул. Заргарлик, 46А, Чиланзарский район",08:00-23:00
Magna,"ул. Яккачинар, 3, Мирабадский район",09:00-21:00
Mahalla by Shosh,"просп. Ислама Каримова, Шайхантахурский район",19:00-01:00
Mahalla by Shosh,"ул. Ислама Каримова, 2, отель Hilton Tashkent City, 1-й этаж, Шайхантахурский район",19:00-23:00
Mahmood Kabob,"массив Хадра, 1, Шайхантахурский район",
Main Street,"ул. Ислама Каримова, 8, Чиланзарский район",
Main Street cafe,"ул. Ислама Каримова, 8, Чиланзарский район",
Make Some Noise,"ул. Ойбека, 24, Мирабадский район",11:00-04:00
Mamma Mia,"Сергели-3, ул. Оби Хает, Сергелийский район",10:00-23:00
Mandarin Bar House,"ул. Узбекистанская, 8/1, Чиланзарский район",11:00-23:00
Manna,"ул. Нукус, 29Б, Мирабадский район",10:30-21:30
Manzana,"ул. Янги Олмазор, 36, Олмазорский район",
Manzur,"ул. Кичик Халка Йули, 41Б, Яккасарайский район",
Maqom bar,"ул. Шарафа Рашидова, 77, Мирабадский район",11:00-02:00
Mar Ice,"Себзор 1, ул. Абдуллы Кадыри, Олмазорский район",
MarAsk,"ул. Абдуллы Кадыри, Олмазорский район",09:00-23:00
Mari Vanna,"ул. Нукус, 89, Мирабадский район",
Mari Vanna,"ул. Нукус, 89, Мирабадский район",
Mario,"просп. Амира Темура, 15, Юнусабадский район",
Marmara,"ул. Шахрисабз, 16А, Мирабадский район",09:00-23:00
Maro,"ул. Кары Ниязова, 66, Мирзо-Улугбекский район",11:00-01:00
Marrakech,"просп. Амира Темура, 1, Юнусабадский район",11:00-00:00
Maryam Dessert House,"ул. Шахрисабз, 10, Мирабадский район",08:00-03:00
Mascot,"Учтепа-25, 1, Учтепинский район",11:00-23:00
Masis,"ул. Султанали Машхадий, 119, Яшнабадский район",11:00-23:00
Matador Steakhouse,"ул. Мирабад, 46, Мирабадский район",
Max Way,"ул. Буюк Ипак Йули, 4, Мирзо-Улугбекский район",08:00-05:00
Max Way,"Юнусабад-3, 2, Юнусабадский район",08:00-05:00
Max Way,"ул. Заркайнар, 2, Олмазорский район",08:00-05:00
Maxim,"ул. Лисунова, 2, Яшнабадский район",09:00-00:00
Maxima Art Cafe & Karaoke,"ул. Кичик бешагач, 135, Мирабадский район",10:00-23:00
Maya Garden,"ул. Усман Насыра, 105, Яккасарайский район",
Mayor Tayyor,"просп. Мирзо Улугбека, 55, Мирзо-Улугбекский район",10:00-22:00
Mazza,"ул. Алишера Навои, проспект, 25, Шайхантахурский район",
Mazzi Xorazm Burger,"просп. Бунёдкор, 8Б, Шайхантахурский район",10:00-22:30
Meat Point,"ул. Катартал, 60, ТРЦ Parus, Чиланзарский район",
MEATme Grill & Bar,"ул. Кичик Бешёгоч, 3B, Яккасарайский район",06:30-23:00
Mengga,"ул. Овози, 2, Le Grand Plaza, Мирзо-Улугбекский район",10:00-23:30
Merhaba Steakhouse,"ул. Янги Куйлик, 18, Мирабадский район",11:00-23:00
Mexico City Restaurant,"ул. Шайхонтохур, 1, Шайхантахурский район",12:00-23:00
Mia Mi,"ул. Кичик Бешагач, 104B, Яккасарайский район",
Midami,"ул. Шота Руставели, 30А, Яккасарайский район",12:00-22:30
Midas Bakery,"ул. Буюк Ипак Йули, 152, Мирзо-Улугбекский район",
Midori Sushi,"ул. Байналминал, 7, Яшнабадский район",09:00-23:00
Miga,"ул. Нукус, 73, Мирабадский район",10:00-21:00
Miras,"просп. Амира Темура, 60, Юнусабадский район",18:00-04:00
Mix Kuxnya,"ул. Буюк Ипак Йули, 62, Мирзо-Улугбекский район",
Mix Pub,"6-й тупик Фаргона йули, 4, Яшнабадский район",10:00-23:00
Moka’s,"просп. Амира Темура, 43, Мирабадский район",08:00-23:00
Mon cheri maision,"ул. Чингиза Айтматова, 72, Юнусабадский район",
Mona Platinum Room's,"ул. Юсуф Хос Ходжи, 69, Яккасарайский район",12:00-23:00
MONA Restaurant & Lounge,"ул. Юсуф Хос Хожиб, 69, Яккасарайский район",08:00-03:00
Moscow Ice Cream,"ул. Матбуотчилар, 9, Мирабадский район",10:00-23:00
Moti,"ул. Афросиаб, 41, Мирабадский район",12:00-02:00
Mozzaika пицца & пироги,"Ц-1, массив Буюк Ипак Йули, 36, Мирзо-Улугбекский район",10:00-22:00
Mr.Smoke,"просп. Мустакиллик, 10, Юнусабадский район",12:00-03:00
MSM Sport bar,"ул. Шота Руставели, 15, Яккасарайский район",
Muhteşem,"ул. Навруз, 22, Янгихаётский район",09:00-02:00
Multi MaFe,"ул. Шокирарык, 58, Сергелийский район",
Multi Mafe Catering,"ул. Беруни, 85, Олмазорский район",
Munchen,"ул. Чиланзарская, 25А, Чиланзарский район",
Muscat,"ул. Мирабад 2, ТРК Kontinent, 2-й этаж, Мирабадский район",12:00-00:00
Music Hall Restobar,"ул. Мирабад, 25, Мирабадский район",
Myoung Ga,"ул. «Узбекистон овози», 2, Мирзо-Улугбекский район",10:00-22:00
Na Nebe,"Ц-5, ул. Хуршида, 57, Юнусабадский район",12:00-23:00
Napoleon Pastry House,"напротив Детского Центра WunderKind, Яшнабадский район",
Nargile Lounge Bar,"площадь Чорсу, 21, Шайхантахурский район",
Nasibam Patisserie,"ул. Кукча, 1, Шайхантахурский район",09:00-23:00
Nemo,"ул. Циолковского, 50, Мирзо-Улугбекский район",
New World,"ул. Бухара, 28, Мирабадский район",09:00-23:00
New Летний сад,"ул. Паркентская, 38, Яшнабадский район",11:00-23:00
Nightcity Lounge Bar,"ул. Янгишахар, 16, Юнусабадский район",14:00-01:00
Nobile,"ул. Гафура Гуляма, 2А, Шайхантахурский район",12:00-00:00
Noodle house Bamboo,"ул. Фаргона Йули, 222/4, Мирабадский район",07:00-23:00
Nori cafe-karaoke,"ул. Мухаммада Юсуфа, 2, Мирзо-Улугбекский район",11:00-00:00
Nota караоке-бар,"массив Ялангач, 23А, Мирзо-Улугбекский район",17:00-04:00
Nur,"ул. Кичик халка, 79, Шайхантахурский район",11:00-23:00
Nurafshon Restaurant,"ул. Северный Алмазар, 17Б, Олмазорский район",06:00-23:00
Obi Hayot,"ул. Джаркурганская, 4, Яшнабадский район",12:00-00:00
Oblacko Lounge,"ул. Сароймулкхоним, 62, Мирзо-Улугбекский район",14:00-02:00
Olimpiya restaurant & cafe,"ул. Шарафа Рашидова, 4А, Чиланзарский район",11:00-23:00
Olivo Restaurant & lounge bar,"ул. Мирабад, 39Б, Шайхантахурский район",10:00-23:00
One More,"просп. Узбекистан, 17, Мирабадский район",18:00-06:00
Only VIBE,"ул. Кичик Миробод, 1, Яккасарайский район",
Onnurichicken,"ул. Мирабад, 8-9, Мирабадский район",10:00-22:00
Oqtepa Lavash,"ул. Фараби, 448А, Олмазорский район",09:00-03:00
Oqtepa Lavash,"Алмазар-2/5, Каракамыш, Олмазорский район",09:00-03:00
Oqtepa Lavash,"Чиланзар-16, просп. Бунёдкор, 18, Чиланзарский район",09:00-03:00
Oqtepa Lavash,"ул. Малая кольцевая дорога, Чиланзарский район",09:00-03:00
Oqtepa Lavash,"Алока, 9, Шайхантахурский район",09:00-03:00
Oqtepa Lavash,"ул. Лутфи, 6, Чиланзарский район",09:00-03:00
Oqtepa Lavash,"Учтепа-26, Чиланзар, ул. Лутфий, 24, Учтепинский район",09:00-03:00
Oqtepa Lavash,"ул. Мингбулок, 13, Мирзо-Улугбекский район",09:00-03:00
Oqtepa Lavash,"ул. Янги Куйлик, 7б, Сергелийский район",09:00-03:00
Oqtepa Lavash,"Мирзо Улугбек-6, Карасу, 19Б, Мирзо-Улугбекский район",09:00-03:00
Oqtepa Lavash,"ул. Коратош, 1Б, Шайхантахурский район",09:00-03:00
Oqtepa Lavash,"ул. Бешкургон, Чиланзарский район",09:00-03:00
Oqtepa Lavash,"просп. Амира Темура, 98, Юнусабадский район",09:00-03:00
Oqtepa Lavash,"Хадра, 7, Шайхантахурский район",09:00-03:00
Oqtepa Lavash,"ул. Чапаната, 3, Чиланзарский район",09:00-03:00
Oqtepa Lavash,"Сергели-VIII, 21А, Сергелийский район",09:00-03:00
Oqtepa Lavash,"ул. Сугалли-ота, Чиланзарский район",09:00-03:00
Oqtepa Lavash,"ул. Буюк Ипак Йули, 250, Мирзо-Улугбекский район",09:00-03:00
Oqtepa Lavash,"ул. Корасув, 4А, Яшнабадский район",09:00-03:00
Oqtepa Lavash,"ул. Янги Сергели, 1, Сергелийский район",09:00-03:00
Oscar,"Юнусабад-8, Юнусабадский район",
Oshclub,"ул. Сарыкульская 2, 4, Мирабадский район",10:00-23:00
OshMakon,"ул. Тараса Шевченко, 8, Мирабадский район",11:00-23:00
Osiyo Elite,"ул. Кораташ, 2, Шайхантахурский район",10:00-23:00
Osiyo Grand,"ул. Абдуллы Кадыри, 5, Шайхантахурский район",
Oskar,"Кулоктепа, Юнусабадский район",
Osteria Café Tashkent,"ул. Ниезбек йули, 1, Юнусабадский район",
Otto,"ул. Шахрисабз, 30А, Мирзо-Улугбекский район",09:00-00:00
Padishax,"ул. Братислава, 2, Яккасарайский район",11:00-00:00
Paffos,"ул. Шахрисабз, 1А, Мирзо-Улугбекский район",11:00-00:00
Pain Paillasse,"ул. Тараса Шевченко, 36А, Мирабадский район",08:00-23:00
Palermo,"Юнусабад-11, 1, Юнусабадский район",11:00-22:00
Panaram’s Restaurant,"просп. Мирзо Улугбека, 2, Мирзо-Улугбекский район",11:00-02:00
PappaRoti,"ул. Кораташ, 5А, Мирабадский район",09:00-23:00
Pappindom,"ул. Ниезбек йули, 3-й проезд, 57, Юнусабадский район",17:00-02:00
Paradise,"Юнусабад-9, Юнусабадский район",
Pasado,"ул. Юсуфа Хос Ходжиба, 72, Яккасарайский район",11:00-23:00
Pasha Bar Garden,"ул. Мирабад, 2, Яккасарайский район",20:00-01:00
Patio кофейня,"ул. Глинки, 45, Яккасарайский район",10:00-23:00
Paul,"просп. Амира Темура, 60, Юнусабадский район",08:00-00:00
Peggy's Wild West Pub,"ул. Султанали Машхадий, 123А, Яшнабадский район",
Pesto,"ул. Чимкентская, 9, Мирабадский район",08:00-23:00
Petrovic,"ул. Мавлона Риёзи, 47, Яшнабадский район",12:00-23:00
Pie Republic,"ул. Шахрисабз, 33А, Мирзо-Улугбекский район",08:00-22:00
Pie republic,"ул. Лашкарбеги, 11, Мирзо-Улугбекский район",
Pita Street Food,"ул. Кары Ниязова, 9, Мирзо-Улугбекский район",11:00-23:00
Pitihana Sheki,"Афросиеб 35/1, Мирабадский район",11:00-23:00
Pizza Grand & Sushi Grand,"4 квартал, д. 1, Чиланзарский район",
Pizza Mania,"Сергели-8А, ул. Новосергелийская, Сергелийский район",09:00-22:00
Pizza Planet,"ул. Богишамол, 3, Юнусабадский район",11:00-23:00
Pizza-Hut,"ул. Богишамол, 3, Юнусабадский район",10:00-23:00
Pizzeria Bella Napoli,"ул. Шота Руставели, 63, Яккасарайский район",11:00-23:00
Pizzeria Bella Napoli,"ул. Бабура, 174, Шайхантахурский район",11:00-23:00
Plov Lounge & Banquet Hall,"ул. Аблуллы Кодырий, 25/1, Шайхантахурский район",12:00-23:00
Podwall,"ул. Богишамол, 57, Юнусабадский район",12:00-03:00
Portofino,"ул. Узбекистон Овози, 2, Мирзо-Улугбекский район",
Prestige,"ул. Фархадская, 1А, Чиланзарский район",12:00-23:00
Prime Restaurant,"ул. 2-й проезд Тараккиет, 3, Яшнабадский район",
Pro.Хинкали,"просп. Амира Темура, 60, Юнусабадский район",11:00-00:00
Pub kebab,"ул. Баходыра, 44, Яккасарайский район",
Puera tea house,"ул. Шахрисабз, 1B, Мирзо-Улугбекский район",08:00-23:00
Puerto Art Restaurant,"ул. Шота Руставели, 22А, Яккасарайский район",12:00-02:00
Puro Gelateria & Caffetteria,"ул. Садыка Азимова, 43, Мирзо-Улугбекский район",09:30-22:30
Qamish - хорезмский гамбургер,"Ц-6, ул. Осие, 85, Юнусабадский район",
Qanotchi,"ул. Мухандислар, 25, Яккасарайский район",12:00-23:00
Quadro Restaurant & Patisserie,"ул. Зульфия Хоним, 24, Шайхантахурский район",11:00-00:00
Quattro Pizza,"Спорткомплекс JAR, Шайхантахурский район",
Queen,"ул. Ахмада Дониша, 4, Юнусабадский район",09:00-23:00
Queens,"ул. Тараса Шевченко, 23, Мирабадский район",18:00-02:00
Quyun,"ул. Кичик Халка йули, 1А, Юнусабадский район",10:00-23:00
Raaj Kapur,"ул. Шахризабская, отель Le Grande Plaza (TaTa), 2-й этаж, Мирзо-Улугбекский район",
Raddus,"ул. Сулейманова, 39/41, Яккасарайский район",
Rakat Lounge & Business Cafe,"ул. Мирабад, 35, Мирабадский район",07:00-23:00
Ranfood,"ул. Байроктол, 36Б, Олмазорский район",11:00-02:30
Red Stone Pub,"пр. Тюльпан, 92, Мирзо-Улугбекский район",12:00-00:00
Reggae Bean,"ул. Ойбека, 40, Мирабадский район",09:00-23:00
Registan Art Cafe,"ул. Шарафа Рашидова, 77А, Яккасарайский район",10:00-23:00
Registan restaurant & terrace,"ул. Мукими, 96 Г, Яккасарайский район",11:00-23:00
Renaissance,"ул. Фархадская, 1А, Чиланзарский район",
Republic,"ул. Фаргона Йули, 794, Мирабадский район",12:00-23:00
Restaurant Asia Tashkent,"ул. Шота Руставели, 111, Яккасарайский район",
Restaurant Tashkent,"ул. Буюк Турон, 56, Юнусабадский район",
Restobar Aura,"ул. Бабура, 21А, Мирабадский район",12:00-00:00
Retro Dinamo Cafe,"ул. Лабзак, 2, Шайхантахурский район",09:00-23:00
Retro Fusion House,"ул. Олтинтепа, 28, Яшнабадский район",11:00-00:00
Retro Local Bar,"просп. Амира Темура-Кичик Халка йули, 1, Юнусабадский район",
RICCHI Cuisine & Gelateria,"ул. Буюк ипак Йули, 3, Мирабадский район",
Rich pub,"ул. Таракиёт, 2-й проезд, 3, Яшнабадский район",
Rio,"ул. Петушок, 14/62, Юнусабадский район",10:00-23:00
Ristorante Positano,"ул. Тараса Шевченко, 38А, Мирабадский район",12:00-23:00
Rodena Coffee,"ул. Авиасозлар, 65, Яшнабадский район",08:00-23:00
Roma Pizza,"ул. Мукими, 13/3, Чиланзарский район",10:00-23:00
Roma Ristorante Italiano,"ул. Заркайнар, 2А, Шайхантахурский район",10:00-23:00
Roni Napoletana,"ул. Истикбол, 8, Мирабадский район",
Roni Napoletana,"ул. Тараса Шевченко, 21А, Мирабадский район",
Roots,"ул. Шота Руставели, Яккасарайский район",
Rossini,"ул. Абдулла Кодири, 20, Шайхантахурский район",11:00-23:00
Rox,"ул. Юсуф Хос Хожиб, 73, Яккасарайский район",12:00-23:00
Rukkola,"ул. Тараса Шевченко, 8, Мирабадский район",10:00-22:00
Safari - ArtCafe,"ул. Ниезбек Йули, 6, Юнусабадский район",
Sah,"просп. Бунёдкор, 41А, Чиланзарский район",10:00-23:00
Sal Sal,"ул. Афросиаб, 6, Мирабадский район",11:00-23:00
Salom,"ул. Буюк Ипак Йули, 162, Мирзо-Улугбекский район",10:00-23:00
Sam Tabaka,"ул. Осиё, 3, Юнусабадский район",
Sam's,"просп. Амира Темура, 32, Мирабадский район",11:00-23:00
Samar,"ул. Фермантепа, 3, Мирзо-Улугбекский район",08:00-22:00
Samarkand,"ул. Буюк Ипак Йули, 160Б, Мирзо-Улугбекский район",07:00-23:00
SamOsh,"ул. Паркенская, блок 74, Мирзо-Улугбекский район",12:00-15:00
Samurai sushi,"ул. 9-й проезд Абдуллы Каххара, 16А, Мирабадский район",10:00-23:30
Sanatkor,"ул. Есенина, 16А, Шайхантахурский район",
Sanibel cafe,"пр. Мукими, 1-й проезд, 8А, 1-й этаж, Яккасарайский район",11:00-23:00
Sanora,"ул. Олтинтепа, 12, Яшнабадский район",09:00-22:00
Santini Bar &Terrace,"ул. Коронкул, 88, Юнусабадский район",13:00-00:00
Sarbon Appetit,"просп. Амира Темура, 92, Юнусабадский район",12:00-01:00
Saroy Art-Choyhona,"ул. Маннона Уйгура, Шайхантахурский район",
Schober Coffee House,"ул. Шота Руставели, 37, Яккасарайский район",12:00-00:00
Schtolz,"ул. Тюльпан, 92, Мирзо-Улугбекский район",11:00-23:00
Secret,"ул. Саида Барака, 34А, Мирабадский район",
Secret Bar,"ул. Бабура, 14, Яккасарайский район",18:00-06:00
Semo de' Roma,"ул. Чехова, 40, Мирабадский район",11:00-00:00
Seoul,"ул. Ахангаранское шоссе, 11, Яшнабадский район",10:00-23:00
Sette Restaurant & Bar,"ул. Алишера Навои, 1А, Юнусабадский район",11:30-02:00
Seventy7,"ул. Мирабад, 25, Мирабадский район",19:00-02:00
Sezam Garden,"Юнусабад-4, ул. Кулоктепа, Юнусабадский район",10:00-22:00
Shade Restaurant & Terrace,"ул. Минглар, 35, Яккасарайский район",
Shafran,"ул. Фаргона Йули, 13/7, Яшнабадский район",12:00-23:00
Shahinshah,"ул. Хамал, 1, Мирабадский район",
Shahriston,"просп. Амира Темура, 112, Юнусабадский район",17:00-
Shake&Pear,"ул. Алишера Навои, 11А, Шайхантахурский район",08:00-23:00
Shalimar,"ул. Шахрисабская, 33А, Мирзо-Улугбекский район",11:00-23:00
Shalom,"Ц-6, ул. Осиё, 89, Юнусабадский район",11:00-23:00
Shamsinur,"ул. О.Зокирова, 1, Юнусабадский район",
Shanhai,"ул. Арнасай, 7А, Чиланзарский район",10:00-00:00
Shanson,"ул. Кичик Халка Йули, 20/1, Чиланзарский район",
Sharq yulduzi,"ул. Буюк Турон, 56, Яккасарайский район",
Sharshara,"ул. Северный Алмазар, 10, Олмазорский район",11:00-23:00
Shashleek,"ул. Узбекистон, Овози, Мирзо-Улугбекский район",
Shashlik Somsa,"просп. Мирзо Улугбека, 3А, Мирзо-Улугбекский район",
Shedevr Garden,"ул. Нурафшон, 44, Шайхантахурский район",12:00-23:00
Sherbet,"ул. Шота Руставели, 32А, Яккасарайский район",10:00-00:00
Shisha Bar,"ул. Зарафшан, 1, Мирабадский район",11:00-23:00
Shohona,"просп. Мирзо Улугбека, 10, Мирзо-Улугбекский район",08:00-23:00
Shosh Restaurant & Terrace,"ул. Ислама Каримова, 2, Шайхантахурский район",06:30-17:00
Shox,"ул. М. Шейх-Заде, 31, Учтепинский район",
Siesta Pub & Restaurant,"просп. Амира Темура, 98, Мирзо-Улугбекский район",11:00-23:00
Sila bar,"ул. Бабура, 14, Яшнабадский район",
Silk 96 wine & lounge,"ул. Кары Ниязова, 68, Мирзо-Улугбекский район",18:00-03:00
Silk Way,"пр. Шахризабз, 4, Мирабадский район",
Sim Sim,"ул. Мукими, 15, Яккасарайский район",09:00-00:00
Sinatra,"просп. Амира Темура, 54, Юнусабадский район",
Sindbad,"просп. Амира Темура, 107, Юнусабадский район",
Sir Richard's Pub,"ул. Мукими, А, Яккасарайский район",
Sirali Kebap,"ул. Фурката, 2А, Шайхантахурский район",11:00-23:00
Sky House,"Ц-4, просп. Амира Темура, 8, Яшнабадский район",
SLab bar,"просп. Амира Темура, Юнусабадский район",
SmokeShisha,"просп. Амира Темура, 129Б ТРЦ Gorod, Юнусабадский район",12:00-
Smurfland,"Ц-17/18, ул. Гафура Гуляма, 4Б, Шайхантахурский район",10:00-22:00
Socials,"ул. Тараса Шевченко, 36А, Мирабадский район",08:00-23:00
Socials Cafe,"просп. Амира Темура, 89, Юнусабадский район",08:00-01:00
Socials Cafe,"ул. Тараса Шевченко, 36А, Мирабадский район",08:00-01:00
Sofiya Lounge Bar,"ул. Шайхонтохур, 10, Шайхантахурский район",11:00-02:00
Soju,"просп. Амира Темура, 60, Юнусабадский район",
Some More Coffeeshop,"ул. Минглар, 35, Яккасарайский район",08:00-20:00
Soul,"ул. Буюк Ипак Йули, 152/1, Мирзо-Улугбекский район",08:00-00:00
Soul Kitchen,"ул. Ифтихор, 64, Юнусабадский район",11:00-23:00
Soy,"ул. Авлиё-ота, 50, Мирабадский район",08:00-23:00
Soy,"просп. Бунёдкор, 6, Шайхантахурский район",
Steak House,"ул. Шота Руставели, 13А, Яккасарайский район",12:00-00:00
Steakhouse.uz,"ул. Шахрисабз, 33А, Мирзо-Улугбекский район",11:00-23:00
Steam bar,"ул. Ниёзбек йули, 1, Юнусабадский район",
Stories city cafe,"ул. Буюк Ипак Йули, 156А, Мирзо-Улугбекский район",round_the_clock
Street 77,"ул. Кораташ, 5А, Шайхантахурский район",11:00-23:00
Street 77,"ул. Бабура, 6, Яккасарайский район",11:00-23:00
Street 77,"ул. Шастри, 19А, Мирзо-Улугбекский район",11:00-23:00
Street 77,"ул. Фаргона Йули, 17, Бектемирский район",11:00-23:00
Street 77 Disney,"ул. Фитрата, 27, Мирабадский район",11:00-22:00
Street 77 Megapolis,"ул. Ахмада Дониша, Юнусабадский район",11:00-23:00
Street 77 Sky,"просп. Амира Темура, 95А, Юнусабадский район",11:00-23:00
Studio Cafe,"ул. Той-Тепа, 1, Яшнабадский район",08:00-23:00
Stuzzico,"ул. Мирадабская, 4, Мирабадский район",11:00-22:30
Stuzzico,"ул. Осиё, 57, Юнусабадский район",11:00-22:30
Stuzzico,"ул. Кораташ, 5А, Шайхантахурский район",11:00-22:30
Sultan,"ул. Арпапая, 3А, Чиланзарский район",17:00-02:00
Sultan Art Restoran,"ул. Тахтапуль, 327, Олмазорский район",
Sultan Food,"ул. Кушбеги, Яккасарайский район",
Sultan Saray,"ул. Шахрисабз, 33А, Мирабадский район",11:00-02:30
Sultan Suleyman,"ул. Олтин Тепа, 382, Мирзо-Улугбекский район",
Sumbula Oilaviy Maskani,"ул. Ифтихор, 15, Юнусабадский район",09:00-23:00
Sunrise,"ул. Сарыкульская, 2-й тупик, 5, Яккасарайский район",10:00-23:00
Super bistro,"просп. Амира Темура, 70А, Юнусабадский район",
Sushi bar N1 - Nam Dae Mun,"ул. Юсуф Хос Хожиб, 71, Яккасарайский район",12:00-23:00
Sushi Master,"ул. Фидокор (быв. Чехова), 40, Мирабадский район",10:00-23:00
Sushi Time,"ул. Мирабад, 12/110, Мирабадский район",
Sushido,"Мирабад-40, ул. Фидокор, Мирабадский район",
Suwon BBQ,"просп. Амира Темура, 22/2, Мирабадский район",
Suzane,"Сергели 5А, Сергелийский район",
Sweet & Spice,"ул. Ойбека, 65, Мирабадский район",15:00-00:00
SYNC Karaoke and Games,"ул. Юсуфа Хос Ходжиба, 73, Яккасарайский район",
Taksim by Tuncay şef,"ул. Шота Руставели, 30А, Яккасарайский район",08:00-23:00
Tamri Restaurant,"ул. Матбуотчилар, Мирабадский район",18:00-04:00
Tangem,"ул. Мехржон, 72, Мирабадский район",10:00-23:00
Tapchan,"ул. Кукча Дарвоза, 345, Шайхантахурский район",11:00-23:00
Tarona,"ул. Кары Ниязова, 13, Мирзо-Улугбекский район",
Tasanno,"ТТЗ 4, ул. Гульсанам, Мирзо-Улугбекский район",10:00-23:00
TashPizza,"ул. Мирсалихова, 128Б, Мирабадский район",11:00-23:00
Temple Pub,"ул. Ниезбек Йули, 6, Юнусабадский район",18:00-03:00
Teppanyaki,"ул. Шахрисабз, 33А, Юнусабадский район",11:00-23:00
Terrace,"ул. Шахрисабз, 22, Мирабадский район",12:00-23:00
TerraSushi,"ул. Садыка Азимова, 43, Мирзо-Улугбекский район",10:00-23:00
Testo by Zamira&Co,"ул. Шота Руставели, 18, Яккасарайский район",08:00-23:00
Testo by Zamira&Co,"ул. Садыка Азимова, 54, Яшнабадский район",
Texas Burger,"ул. Катартал, 28, Чиланзарский район",10:00-22:00
Tez Food,"ул. Кораташ, 5А ТРЦ Samarkand Darvoza, Шайхантахурский район",
Tezaurus,"ул. Махатмы Ганди, 14, Мирзо-Улугбекский район",11:00-23:00
The Bar,"просп. Ислама Каримова, 56, Мирабадский район",18:00-05:00
The Black,"ул. Фидокор, 7, Мирабадский район",09:00-23:00
The Brothers,"ул. Юннамед, Мирабадский район",11:00-23:00
The Burger,"ул. Истикбол, 8, Яшнабадский район",11:00-02:00
The Choyxona,"пр. Богишамол, 131, Юнусабадский район",
The Coffee Club,"ул. Шарафа Рашидова, Яккасарайский район",09:00-23:00
The Face,"ул. Усмана Насыра, Мирабадский район",
The Fusion,"ул. Бабура, 21, Яккасарайский район",10:00-23:00
The Gallery,"ул. Пахтакорская, 5, Шайхантахурский район",10:00-23:00
The Host,"ул. Ойбека, 65, Мирабадский район",11:00-23:00
The Irish Pub & Restaurant,"ул. Тараса Шевченко, 30, Мирабадский район",11:00-23:00
The Kitchen,"ул. Афросиаб, 12А, Мирабадский район",08:00-23:00
The Mayfair Pub,"ул. Темирйулчилар, 148, Мирабадский район",11:00-23:00
The Park,"ул. Мавераннахр, 21, Мирзо-Улугбекский район",
The Park Restaurant,"ул. Абдуллы Кадыри, 1, Олмазорский район",
The Roof,"просп. Амира Темура, 129Б, Юнусабадский район",
The Sultan Lounge & Restaurant,"ул. Узбекистан Овози, 2, Мирзо-Улугбекский район",17:00-05:00
The Time,"просп. Мирзо Улугбека, 15, Яшнабадский район",18:00-04:00
The Tunnel lounge,"ул. Буюк Ипак Йули, 160B, Мирзо-Улугбекский район",
The WKND Bar,"ул. Туркистон, 12А, Мирабадский район",
The Гость,"просп. Амир Темур, 49, Юнусабадский район",10:00-23:00
The Сад,"ул. Сарыкульская, 18, Мирабадский район",
Three Palms,"Поселок Ийк-Ота, улица Узбекистанская",
Tiffany & F,"ул. Бабура, 33, Яккасарайский район",
Tim's Coffee & Roastery,"ул. Тараса Шевченко, 40, Мирабадский район",
Tim's Coffee & Roastery,"ул. Шота Руставели, 35, Яккасарайский район",
TimeFood,"Малая кольцевая дорога, 589, Олмазорский район",09:00-23:00
Timekeeper Lounge,"ул. Шахрисабз, 23, Мирабадский район",12:00-02:00
Timekeeper Milliy Lounge,"ул. Олой Берк, 59/5, Юнусабадский район",
Tin’s Hot Dogs,"ул. Узбекистон овози, 48, Мирзо-Улугбекский район",15:00-23:00
TOKU,"ул. Истикбол, 4, Мирабадский район",12:00-02:00
Tokyo Cafe,"ул. Афросиаб, 41, Мирабадский район",12:00-23:00
TomYumBar Tashkent,"ул. Тараса Шевченко, 21, Мирабадский район",
Tong,"ул. Бодомзор, 27, Юнусабадский район",09:00-23:00
Top Food,"ул. Шахрисабз, Мирабадский район",
Torento,"ул. Шахризабская, 30А, Мирзо-Улугбекский район",08:30-23:30
Torero burgers,"ул. Истикбол, 8, Мирабадский район",
Torrero Burgers,"ул. Истикбол, 8, Мирабадский район",10:00-23:00
Tub-Tim Thai,"просп. Бунёдкор, 6А, Шайхантахурский район",12:30-21:00
Tumbler Bar,"ул. Ислама Каримова, 2, Шайхантахурский район",
Turandot,"ул. Амира Темура, 2, Мирабадский район",12:00-00:00
Turka Saray,"ул. Нукус, 83А, Мирабадский район",
Tutti Frutti Uzbekistan,"ул. Кораташ, 5А, Шайхантахурский район",10:00-23:00
Twice Spice,"ул. Новомосковская, 18, Мирзо-Улугбекский район",10:00-23:00
UNO coffee & eat,"ул. Мирабад, 37, Мирабадский район",08:00-01:00
Uno Моменто,"ул. Байроктол, 36Б, Юнусабадский район",11:00-23:00
Urartu,"ул. Cултана Машхадий, 210, Яшнабадский район",11:00-00:00
Urban Food,"просп. Амира Темура, 1, Юнусабадский район",
Urban Food,"ул. Шахрисабз, 23, Мирабадский район",10:00-23:00
Uzbek Somsa,"ул. Ислама Каримова, 8, Чиланзарский район",
Vanilla,"ТРЦ Континент, 2-й этаж, Яккасарайский район",
Vanilla Cafe & Restaurant,"ул. Абдуллы Кадыри, 3а, Юнусабадский район",11:00-00:00
Vanilly,"ул. Кораташ, 5А, Шайхантахурский район",
Vavilon,"ул. Махатмы Ганди, 32, Мирзо-Улугбекский район",14:00-23:00
Vega Train,"ул. Шота Руставели, 150, Чиланзарский район",10:00-22:00
Velvet,"ул. Абдуллы Кадыри, 35, Юнусабадский район",12:00-23:00
Veranda Lounge,"ул. Мирабад, 2, Мирабадский район",12:00-02:00
Vernissage,"Массив Олмазор, 167, Чиланзарский район",
Versal,"просп. Беруни, 8А, Шайхантахурский район",11:00-23:00
VIBE coffee,"ул. Юсуфа Хос Ходжиба, 72, Яккасарайский район",10:00-22:00
Vienna,"ул. Байроктол, 36Б, Олмазорский район",
Vietnam,"ул. Ивлева, 22, кв. 14, Яккасарайский район",
Villa Brasserie,"ул. Янги Сергели, Сергелийский район",
Vinnie's Pub,"ул. Султанали Машхадий, 79, Яшнабадский район",09:00-18:00
VipRooms,"ул. Садыка Азимова, 52А, Мирзо-Улугбекский район",
Viva Maria chocolaterie,"ул. Абдуллы Каххара, 24А, Яккасарайский район",10:00-20:00
VM,"Ц-1, ул. Узбекистон Овози, 21, Мирзо-Улугбекский район",
Wendy's,"ул. ТКАД, Фаргона йули, 17, Бектемирский район",
Wendy's,"ул. Кораташ, 5А, Шайхантахурский район",
Wendy's,"Ц-1, пересечение ул. Хамида Алимджана и ул. Узбекистон Овози, Мирзо-Улугбекский район",
Wendy's,"ул. Тараса Шевченко, 38, Яккасарайский район",
West,"ул. Мирабад, 21, Мирабадский район",
Wine time,"ул. 1-й переулок Бойкургон, 15, Яшнабадский район",13:00-01:00
Winesday,"ул. Тараса Шевченко, 38, Мирабадский район",
Wok,"Ц1, ул. Узбекистон овози, 21А, Мирзо-Улугбекский район",11:00-22:30
Wok,"ул. Кораташ, 5А, Шайхантахурский район",11:00-23:00
Wok,"ул. Бабура, 6, Яккасарайский район",11:00-23:00
Xash-Pash,"ул. Рохат, 3, Бектемирский район",
Xon Atlas,"пересечение просп. Мирзо Улугбека и ул. Т.Малика, Мирзо-Улугбекский район",
Xonxonim,"ул. Аккурган, 24, Мирзо-Улугбекский район",10:00-23:00
Xorazm Gamburger,"11 квартал, Учтепинский район",10:00-23:00
XS restaurant and club,"ул. Истикбол, 8, Мирабадский район",18:00-03:00
XXX,"ул. Кичик Халка йули, 12, Юнусабадский район",12:00-23:00
Yakka Saroy,"ул. Абдуллы Каххара, 40, Яккасарайский район",
Yalpiz,"ул. Шота Руставели, 59, Яккасарайский район",09:00-23:00
Yalpiz,"ул. Гафура Гуляма, 5, Шайхантахурский район",
Yamu Yamu,"ул. Катартал, 2, Чиланзарский район",11:00-23:00
Yaponamama,"ул. Тараса Шевченко, 34, Мирабадский район",10:00-23:00
Yaponamama,"Ц-1, ул. Истикбол, 29, Мирзо-Улугбекский район",10:00-23:00
Yaponamama,"пересечение ул. Абая и ул. Зулфияхоним, 34, Шайхантахурский район",09:00-18:00
Yaponamama,"пересечение ул. Ахмада Дониша и ул. Янгишахар, Юнусабадский район",
Yaponamama,"ул. Бодомзор, 78, Юнусабадский район",10:00-23:00
Yaponamama,"ул. Шота Руставели, 69А, Яккасарайский район",09:00-18:00
Yaponamama,"просп. Мирзо Улугбека, 4, Яшнабадский район",10:00-23:00
Yaponamama Kids,"ул. Бойкургон, 6, Яшнабадский район",10:00-23:00
York Pub,"ул. Фурката, 1, Шайхантахурский район",
Yulduz,"ул. Шота Руставели, 84А, Яккасарайский район",
Yungnuo,"ул. 7-й проезд Сайрам, 19А, Мирзо-Улугбекский район",10:00-23:00
Zabeel Saray,"ул. Тараса Шевченко, Мирабадский район",
Zafar,"ул. Мукими, 41A, Чиланзарский район",11:00-00:00
Zarafshon,"ул. Матбуотчилар, 17, Мирзо-Улугбекский район",09:00-23:00
Zavod№3,"Янги Сергели, 4, Сергелийский район",14\:00-00:00
Zayed bistro&cafe,"ул. Махмуджона Гафурова, 182А, Чиланзарский район",
Zee Box Healthy Food&Bakery,"ул. Хуршида, 58, Юнусабадский район",08:00-20:00
Zeyn's Coffee and Ice,"Чиланзар-16, 24, Чиланзарский район",08:00-23:00
Zira Bakery,"ул. Паркент, 26А, Мирзо-Улугбекский район",
Zomin Milliy Taomlar,"ул. Султанали Машхадий, 57, Яшнабадский район",
Zuma Night Club,"просп. Амира Темура, 107А, Юнусабадский район",21:00-05:00
Zvezda karaoke club,"ул. Алишера Навои, 25, Шайхантахурский район",
Аmore catering,"Чиланзар-8, ул. Чапаната, 47, Чиланзарский район",
Агат,"ул. Матбуотчилар, 17, Юнусабадский район",10:00-23:00
Азия,"ул. Гафура Гуляма, 1, Шайхантахурский район",10:00-00:00
Азия,"ул. Братислава, 2, Яккасарайский район",10:00-00:00
Александра,"массив Башлык, ул. Кичик Халка йули, Яккасарайский район",10:00-23:00
Алмаз,"Бектемирский район д.12 (второй поворот после куйлюкского моста), Бектемирский район",09:00-03:00
Алтын,"ул. Усмана Насыра, 12, Яккасарайский район",12:00-23:00
Алтын,"ул. Шота Руставели, 12, Яккасарайский район",
Амфора - Греческая Таверна,"ул. Мирабад, 6, Яккасарайский район",11:30-23:00
Армянский Дворик,"ул. Султанали Машхадий, 176, Яшнабадский район",
Аршин,"ул. Темирйуловчилар, 89, Мирабадский район",11:00-00:00
Атланта,"ул. Буюк Ипак Йули, 115, Мирзо-Улугбекский район",
АтмоСфера развлечений,"просп. Амира Темура, Б, Юнусабадский район",12:00-04:00
Бакинский бульвар,"ул. Гайбара Алиева, Мирабадский район",
Банкетный зал Ipak Yo'li,"просп. Мирзо Улугбека, 9, Мирзо-Улугбекский район",11:00-23:00
Банкетный зал V&L,"Зангиатинский район, населенный пункт Кыргызаул",17:00-23:00
Бар «Честный»,"махалля Конституция, Яккасарайский район",
Барон,"ул. 1-й проезд Бодомзор йули, 72, Юнусабадский район",12:00-00:00
Безе,"ул. Кары Ниязова, Мирзо-Улугбекский район",10:00-21:00
Бек,"просп. Мирзо Улугбека, 13, Мирзо-Улугбекский район",10:00-23:00
Бек на Мукими,"ул. Мукими, 27, Яккасарайский район",09:00-23:00
Белый Журавль,"просп. Амира Темура, 146, Юнусабадский район",
Библиотека,"ул. 3-й проезд Ниезбек Йули, 10, Юнусабадский район",18:00-05:00
БирХаус,"ул. Мирабад, 27/6, Мирабадский район",15:00-23:00
Бистро Бек,"ул. Бабура, 18, Яккасарайский район",
Блисс,"просп. Амира Темура, 4, Отель «Пойтахт», Мирабадский район",
Бомонд,"ул. Алишера Навои, 3, Шайхантахурский район",11:00-00:00
Бунёдкор,"Чупон-ота, 81, стадион «Бунёдкор», Чиланзарский район",12:00-
Бургерная «БРО»,"ул. Истикбол, 8, Мирабадский район",11:00-23:30
Бухарский дворик,"ул. Кичик Халка Йули, 20, Юнусабадский район",11:00-23:00
Васаби,"ул. Шахрисабз, 5, Мирзо-Улугбекский район",12:00-00:00
Вачач,"ул. Паркентская, 49, Мирзо-Улугбекский район",
Венская Пекарня,"ул. Осиё, 4, Юнусабадский район",08:30-22:00
Венская Пекарня,"ул. Шастри, 27, Мирзо-Улугбекский район",08:00-22:00
Венская Пекарня,"ул. Фидокор, 42, Мирабадский район",08:30-22:00
Венская Пекарня,"ул. Якуба Коласа, 3, Мирабадский район",08:00-22:00
Вечер,"ул. Аккурган, 31, Мирзо-Улугбекский район",11:00-00:00
Вкусная История,"ул. Аккурган, 35, Юнусабадский район",09:00-21:00
Вкуснофф,"ул. Буюк Ипак Йули, 105, Мирзо-Улугбекский район",08:00-23:00
Вмясо,"ул. Сароймулкхоним, 65, Мирзо-Улугбекский район",
Восток,"ул. Хамал, 25/2, Мирабадский район",10:00-23:00
Восточный бульвар,"ул. Зарафшан, Юнусабадский район",00:00-00:00
Восточный квартал,"ул. Нукус, 85, Мирабадский район",
Генацвале,"просп. Мустакиллик, 1, Мирзо-Улугбекский район",11:00-23:00
Го Гу Рё,"ул. Султанали Машхадий, 50, Яшнабадский район",10:00-22:00
Голубые Купола,"ул. Шарафа Рашидова, 77, Яккасарайский район",11:00-23:00
Гранд-Максан,"ул. Султанали Машхадий, 119, Яшнабадский район",
Грильяж,"ул. Абдуллы Каххара, 47, Яккасарайский район",10:00-23:00
Грузинский Дворик,"ул. Абдуллы Каххарa, 15, Яккасарайский район",12:00-00:00
Детская площадка Mona,"ул. Юсуф Хос Ходжиби, 69, Яккасарайский район",08:00-03:00
Джем бар,"просп. Амира Темура, 129B, Юнусабадский район",
Дикарём,"ул. Нукус, 4-й проезд, 90А, Мирабадский район",10:00-23:00
Дом,"ул. Аккурганская, 21, Мирзо-Улугбекский район",11:00-23:00
Дом Выпечки,"ул. Якуба Коласа, 3/2, Мирабадский район",
Домик рыбака,"ул. Буюк Ипак йули, 222, Мирзо-Улугбекский район",11:00-23:00
Дуэт,"ул. Инокобад тупик 1, 1, Мирабадский район",12:00-23:00
Жемчужина востока,"массив Кушбеги, 11А, Яккасарайский район",12:00-00:00
Жемчужина Нила,"ул. Гагарина, 18А, Чиланзарский район",
Жемчужный,"ул. Катартал, 10/1, Чиланзарский район",11:00-03:00
Жигули Рестобар,"ул. Султанали Машхадий, 74, Яшнабадский район",11:00-02:00
Звездный дождь,"Сергели, 7А, Сергелийский район",
Золотая долина,"ул. О. Зокирова, 61, Юнусабадский район",
Зомин Миллий Таомлар,"ул. Султанали Машхадий, 64, Яшнабадский район",
Изба,"Массив Ялангач 5/4, Мирзо-Улугбекский район",11:00-23:00
Изумрудный,"ул. Султанали Машхадий, 119, Яшнабадский район",11:00-23:00
Ипак Йули,"ул. Фуркат боги, Олмазорский район",12:00-00:00
Кавказская пленница,Бостанлыкский р-н,
Кавказская Пленница,"ул. Султанали Машхадий, 57, Яшнабадский район",11:00-23:00
Караоке-бар «Альянс»,"ул. Урта Чирчик, 10, Бектемирский район",12:00-23:45
Караоке-клуб Troy,"массив Башлык, ул. Кичик Халка Йули, Яккасарайский район",
Кафе «Ильмира»,"Малика Каххара 32, Юнусабадский район",
Кафе «Мельница»,"просп. Амира Темура, 92А, Мирабадский район",09:00-11:00
Кафе «Ночной Ташкент»,"ул. Саракульская, 2, 4, Мирабадский район",
Кафе Bobo,"ул. Фидокор, 10, Мирабадский район",08:00-18:00
Кафе Sabrina,"массив Хумоюн, 39А, Мирзо-Улугбекский район",
Кафе-бар Айва,"ул. Осиё, 2А, Юнусабадский район",
Китай,"ул. Туркистон, 2А, Мирабадский район",11:00-22:00
Киш-миш,"ул. Эргашева, 124, Мирзо-Улугбекский район",09:00-23:00
Комнаты,"ул. Шахрисабз, 23, Мирабадский район",
Кондитер-ка,"ул. Истикбол, Мирабадский район",
Кондитерский дом Safia №1,"ул. Буюк Ипак Йули, 250, Мирзо-Улугбекский район",09:00-23:00
Кондитерский дом Safia №10,"ул. Авиасозлар, 29, Яшнабадский район",08:00-23:00
Кондитерский дом Safia №11,"ул. Самарканд Дарвоза, 1, Шайхантахурский район",08:00-23:00
Кондитерский дом Safia №12,"ул. Кукча дарвоза, 38, Учтепинский район",08:00-23:00
Кондитерский дом Safia №13,"ул. Бирлик, 18А, Сергелийский район",08:00-23:00
Кондитерский дом Safia №14,"ул. Фараби, 212, Олмазорский район",
Кондитерский дом Safia №2,"ул. Осиё, 4, Юнусабадский район",08:00-23:00
Кондитерский дом Safia №3,"площадь Хамида Алимджана, западная сторона, Мирзо-Улугбекский район",08:00-23:00
Кондитерский дом Safia №4,"массив Кашгар, 5А, Юнусабадский район",08:00-23:00
Кондитерский дом Safia №5,"Юнусабад-11, 2Б, Юнусабадский район",08:00-23:00
Кондитерский дом Safia №7,"ул. Имама ат-Термези, 54, Яккасарайский район",08:00-23:00
Кондитерский дом Safia №8,"Куйлюк ТКАД, 17, Бектемирский район",09:00-22:00
Кондитерский дом Safia №9,"ул. Катартал, 60, Чиланзарский район",08:00-23:00
Корица,"ул. Карамурт, 4А, Мирзо-Улугбекский район",
Кофейня в ресторане Caravan,"ул. Абдуллы Каххара, 22, Яккасарайский район",07:00-00:00
Кофейня-ресторан «Шекспир»,"просп. Ислама Каримова, 8, Чиланзарский район",12:00-03:00
Кролик Робби,"Тузель, ориентир Пожарка, Яшнабадский район",
Культ-кафе Факультет,"ул. Алмазар, 167, Чиланзарский район",10:00-00:00
Куранты Бар,"просп. Амира Темура, Мирабадский район",13:00-02:00
Кымган,"ул. Мироншох, 22, Мирабадский район",
Летний сад,"ул. Паркент, 38, Яшнабадский район",09:00-23:00
Лоза,"Лабзак, Шайхантахурский район",12:00-23:00
Лорд,"Спутник, 7, Сергелийский район",
Магнолия,"Учтепа-25, Учтепинский район",11:00-23:00
Мангал,"ул. Кары Ниязова, 11, Мирзо-Улугбекский район",12:00-23:00
Мару,"ул. Тараккиет, 1, Яшнабадский район",10:30-22:00
Матадор,"ул. Мирабад, 46А, Мирабадский район",12:00-23:00
Монте-Кристо,"Юнусабад-8, ул. Кулоктепа, Юнусабадский район",12:00-00:00
Москва,"просп. Шарафа Рашидова, 77, Яккасарайский район",11:00-23:00
Московская Пицца,"ул. Урикзор, 140, кв. 1, Яккасарайский район",11:00-23:00
Московская Пицца,"ул. Юсуфа Х. Хожиба, 34, Яккасарайский район",
Московская пицца,"ул. Нурафшон, 7, Олмазорский район",11:00-23:00
Мохи-Хосса,"ул. Арносой, /1, Чиланзарский район",
Моя семья,"ул. Лутфкор, Сергелийский район",12:00-23:00
Мята Lounge Novza,"ул. Мукими, 20Б, Чиланзарский район",
Мята Амир Темур,"просп. Амира Темура, 60, Юнусабадский район",12:00-02:00
НАТ&КО,"ул. Боткина, 116, Яшнабадский район",08:00-21:00
Номер 1 lounge bar,"ул. Осие, 89А, Юнусабадский район",
Огни Ташкента,"ул. Бухара, 24, Яккасарайский район",08:00-23:00
Орфей,"ул. Пушкина, 65, Мирзо-Улугбекский район",
Охотничий домик,"просп. Амира Темура, 112, Юнусабадский район",10:00-
Пастернак,"ул. Ойбека, 52, Мирабадский район",11:00-23:00
Пекарня Pirogi.uz,"ул. Махтумкули, 3/6, Мирабадский район",10:00-21:00
Пенная,"ул. Султанали Машхадий, 186, Яшнабадский район",13:00-23:00
Питер,"просп. Бабура, 17, Яккасарайский район",11:00-23:00
Планета Бистро,"ул. Чиланзарская, 55, Чиланзарский район",12:00-03:00
Поднебесная,"ул. Мукими, 1, Яккасарайский район",10:00-23:00
Подушечная,"ул. Осиё, 17, Мирзо-Улугбекский район",10:30-00:30
Развлекательный комплекс гостиницы «Узбекистан»,"ул. Мусаханова, 45, Мирзо-Улугбекский район",
Рай,"ул. Фаргона Йули, 213, Мирабадский район",
Раковарня,"ул. Шота Руставели, 13А, Яккасарайский район",11:00-01:00
Рандеву,"ул. Байроктол, 36Б, Юнусабадский район",12:00-03:00
Распутин,"ул. Таллимаржон, 135",12:00-02:00
Рыбin Паб,"Карасу-6, ул. Темура Малика, Мирзо-Улугбекский район",11:00-23:00
Семь Пятниц,"просп. Амира Темура, 60, Юнусабадский район",18:00-01:00
Скандалистъ,"ул. Истикбол, 8, Мирабадский район",11:00-01:00
Слон Кофешоп,"Мирзо Улугбек, 51, Мирзо-Улугбекский район",10:00-23:00
Стейк-хаус «Мясной»,"ул. Шота Руставели, 13а, Мирабадский район",
Сундук,"ул. Садыка Азимова, 63, Мирабадский район",10:00-23:00
Сыроварня,"ул. Шахрисабз, 31B, Мирзо-Улугбекский район",10:00-00:00
Сытый Узбек,"ул. Султанали Машхадий, 186, Мирзо-Улугбекский район",10:00-23:00
Сюрприз,"ул. 1-й проезд Олмачи, 14, Мирзо-Улугбекский район",10:00-23:00
Тen-Ten Luxury Lounge,"ул. Ниезбек, 10А, Юнусабадский район",11:00-23:00
Таверна «Три желания»,"ул. Пилла, 76, Мирзо-Улугбекский район",11:00-23:00
Тануки,"ул. Тараса Шевченко, 21А, Мирабадский район",11:00-00:00
Тарелка LIFE,"ул. Осиё, 89, Юнусабадский район",11:00-23:00
Тарона,"ул. Кары-Ниязи, 13, Мирзо-Улугбекский район",11:00-00:00
Ташкент,"ул. ​Ахмада Дониша, 4/4, Шайхантахурский район",
Ташкентский Дворик,"ул. Турккургон, 16, Юнусабадский район",11:00-23:00
ТКХ,"ул. Мирабад, 64А, Мирабадский район",12:00-00:00
Торты от Гаянэ,"Чиланзар-6, ул. Катартал, Чиланзарский район",
Торты от Жанны,"ул. Шота Руставели, 1-й тупик, 1, Яккасарайский район",
Трактиръ «Три медведя»,"ул. Талимарджан, 135, Мирабадский район",
Трюм,"пересечение просп. Бунёдкор и ул. Мукими, 13А, Чиланзарский район",12:00-11:00
Трюфель — ресторан Эжена Трюффо,"ул. Бинокор, 1, Мирзо-Улугбекский район",12:00-23:00
Тюбетейка,"ул. Бодомзор йули, 33, Юнусабадский район",08:00-22:00
У Аркадия,"ул. Султанали Машхадий, 43, Яшнабадский район",10:00-00:00
У Бабушки,"просп. Мирзо Улугбека, 9, Мирзо-Улугбекский район",06:00-22:00
У Влада,"ул. Мавлона Риёзий, 37-39, Яшнабадский район",09:00-23:30
У Лили,"ул. Султанали Машхадий, 96, Яшнабадский район",10:00-00:00
У Мельницы,"просп. Амира Темура, 32, Мирабадский район",10:00-00:00
У фонтана,"ул. Султанали Машхадий, 81, Яшнабадский район",09:00-23:00
Уч кудук,"ул. Маннона Уйгура, 332а, Шайхантахурский район",11:00-23:00
Уютный тупичок,"ул. Ойшахонум, 43, Мирзо-Улугбекский район",
Француз,"ул. Мукими, 21, Чиланзарский район",08:00-22:00
Фрегат,"ул. Шота Руставели, 98А, Яккасарайский район",12:00-00:00
Хан Кук Кван,"ул. Юсуфа Хос Ходжиба, 1, Яккасарайский район",12:00-22:00
Хачапури House,"ул. Буюк турон, 77, Мирабадский район",11:00-23:00
Хорошая Девочка,"ул. Мирабад, 64А, Мирабадский район",09:00-00:00
Центр Плова,"ул. Ифтихор, 1, Юнусабадский район",09:00-18:00
ЧайКоф,"ул. Саида Барака, 16Б, Мирабадский район",08:00-23:00
Чайкоф,"ул. Шота Руставели, 22, Яккасарайский район",08:00-23:00
Чайкоф Новомосковская,"ул. Кори Ниезий, 61, Мирзо-Улугбекский район",08:00-23:00
Чайхана by Семь Пятниц,"ул. Новза, 2А, Чиланзарский район",11:00-01:00
Чайхана Navvat Lounge Bar,"ул. Матбуотчилар, Юнусабадский район",11:00-05:00
Чайхана Zoda,"Тузель-3, 16, Яшнабадский район",09:00-23:00
Чайхона 910,"ул. Абдулла Кодирий, 1А, Шайхантахурский район",21:00-05:00
Чалагач,"ул. Богибостон, 3, Яккасарайский район",
Черная кошка,"ул. 1-й проезд Хушнаво, 9А, Юнусабадский район",11:00-22:00
Честный бар,"ул. Братислава, 2, Яккасарайский район",12:00-06:00
Чешский зал,"ул. Матбуотчилар, 17, ТРК «Заравшан», 2-й этаж, Юнусабадский район",12:00-00:00
Чистые Пруды,"Национальный парк им А.Навои, Чиланзарский район",19:00-23:00
Шеф Burger,"Ц-1, ул. Узбекистон овози, 21, Мирзо-Улугбекский район",11:00-23:00
Шеф Burger,"ул. Шота Руставели, 13А, Яккасарайский район",11:00-23:00
Шеф Burger,"просп. Амира Темура, Юнусабадский район",11:00-23:00
Шеф Burger,"Сергели-8, 21А, Сергелийский район",10:00-01:00
Шик,"ул. Фаргона Йули, 794, Мирабадский район",
Шишка Party Bar,"ул. Кичик Миробод, 26, Яккасарайский район",17:00-05:00
Шоколадница,"ул. Фаргона Йули, 17, Бектемирский район",
Шош,"ул. Паркент, 300А, Яшнабадский район",09:00-00:00
Я люблю кукси. Весна,"ул. Банокатий, Мирабадский район",09:00-23:00
Япоша,"ул. Васита Вахидова, 56, Яккасарайский район",
